id	qus	ans
1	ูุงูุง ุนุงุงุฏู๐๐๐๐๐ค	<Media omitted>
2	ุงููุดููู ุงูุง ู ุดูุช ุงูุงุณุชูุฑู ุจุชุงุงุงุน ูุตููููู๐๐๐๐๐ค	ุงุจูุนุง ูู ุญูุงูู ุจุณ ูุง ุฏุณูุณ
3	ุญุถุฑุชููู ููุง ูุณุน	ุชุดุงู ุฌุงู
4	ูุงุงุงุฎ ูุฒู ูู ุงููุงู	ูุณุน
5	<Media omitted>	<Media omitted>
6	ุงูุฒุจูุฑ ุฏู ูู ูุณุน ุญู๐๐๐ค	๐
7	ุฏู ุฎุงุงูุชู ูุณู๐ก๐ก๐ก๐คฌ๐คฌ	You deleted this message
8	ุณูู ุนููููู ูุงุงุฎ	ุตุงุจููุง
9	ุธุงุงุงุจุท๐ค	<Media omitted>
10	ูุฏุง ุงุฏููู ุฑูููู๐๐๐ค	ูุนููุด ูุง ุฏุณูุณ
11	ุงููู ูุณูุณูู๐๐๐๐ช๐ช๐ช	ุงุจ ุฑุงุณ ูู ูุงุนุฏ ูุงูู ูู ูุฑูุจ ูู ูุฑูุจ ๐
12	๐ค	<Media omitted>
13	ุงุงุงู ุนุดุงุงู ูุฏุง ุชุงุงูู ุดููู ูููุณ	<Media omitted>
14	<Media omitted>	ุฒุจูุฑ.vcf (file attached)
15	ุงุงูุญู ุงูู ู ุชูุจุฑุด ุจุณ๐๐๐๐๐ค	ุงููู ูุฏููู ุงูุนุงููู ุจุณ ๐
16	๐คฃ๐คฃ๐คฃ๐คฃ๐คฃ๐คฃ๐คฃ๐คูุณููู ูุงููู	<Media omitted>
17	ููุช ูู ูุงุงุนุฏ ุชุดุงุงูุฏ ุจุงู ุซุบุฑุฉ	ุนุดุงู ูุฏุง ุงููุงุญุฏ ูููู ุงููุงุชุณ ููุฑุชุงุญ๐
18	ุงููุง๐คฃ๐คฃ๐คฃ๐คฃ๐ค	ุงูุง ูุง ูุงุนุฏ ุงูุจุฑุด ุงุตูุง ุฏู ุฌุณู ูููุง ุจุณ
19	ุงุงุงู ุชุฎุทู ุดุบุงุงู ููู ุงูุดุจูู ูุนุจู	ูุงุนุฏ ุงุฌุฑุจ ุงุดุบูู ๐ูุงูู ุงุญุชูุงู ูุดุชุบู ุชุฎุทู
20	ุดุบุงุงู ุงุงู ููู ุจุฑูุน ุงูุณุฑุนู ุดููู ุจุณ	ููู ุดุบุงู ูุงูุดุจูู ูุนุจู ๐
21	ูุนูู ุธุงุงุงุจุท ุตุญ	<Media omitted>
22	ุจู ุณูุฏุงูู ุตุญ	<Media omitted>
23	ูู ุจูุฒู ูุงูุณุฑุนู ุธุงุงุจุทู ุจุดุชุฑู ุงูุง	<Media omitted>
24	ูุนูู ู ุนูุฏู ูููุงุช ุชุฎุทู๐คฆ๐พโโ๐ช๐ช	Mtn
25	ุงููุง ุฌุฑุจ ูุงุฏููุง ุงูุฒููุช๐๐๐๐ค	๐
26	ู ุนุงุงุฑู ูุงููู	ุฎูู ุงูููุง ุงูู
27	ุฏุณูุณ	<Media omitted>
28	ูุงุงุงุฎ ุงุฑูุงูู ูุชูุฑุฉ ู ูููุชูู	<Media omitted>
29	ุงูุง ู ูููุช ููู ุชุฎุทู๐๐	ุนูุฏู ุฑูู ุจูุชูู ุจู
30	๐	ูุฏุง ุดูู
31	๐๐๐๐คฆ๐พโโ	ุงู ููู ูุงุน ๐๐
32	ูุงุงุฎ ุฌูุจ ุงูุฑูู ูููู	ุงุชุจ ูู ุงูุจุญุซ ูู ุฌูุงุช ุงูุงุชุตุงู
33	ู ุนูุฏู ุฑูู ุจุจุฏุง ุจู	ุงูุชุจ*
34	ู ุฌุงุงุงุงูู	ุจุจุฏุงุก ุจู
35	ูุจ	ุงูุช ุดูู ูุงุงุง ุฒูู
36	ุฏูู ูุณูุงุงุงุช ูุงุงุงุงุฎ๐คฆ๐พโโ	ุงูุชุจ ุงูุจุฏุงูู ููู ุฌุงู ุทุงุจูู ูุน ุงูููุงูู
37	ููุฏูู	ุชูุงู
38	ุชูุณุงุณ	ุงูุงูุฑ ุฌุงุทุช
39	ุงูุง ูููู ุงูุฌูุนู ูููุง ูุชูุงูู ูู ุดุงุงุฑุน ุงูููู ููู ูููู	ุงูุช ููู ููุง ููุง ุชูุณุงุณ
40	ุงูุญุธุฑ ุฏู ุงุญุฏู ุงูุณุงุงุนู  ุจุนุฏุงู ุจุจุฏุง๐	ุชูุง
41	ุธุงุงุงูู	ู
42	ุท	ูุน ุงูุญุธุฑ ุฏู ๐๐
43	ุจ	ูุดูู
44	<Media omitted>	<Media omitted>
45	<Media omitted>	<Media omitted>
46	ูุฑุชุงุงุญ ุจุณ๐๐๐ค	ุดูุนุง ูุฏุง ูุงูู๐๐
47	ุงููููุฉ	ูุชูุงูุง ูุชูู
48	ุงูุนุตุฑ ูุฏุง	ูู ุงู ุฒูู
49	ุธุงุงุจุท	ูุฏุงู
50	ุงุงุงู	ุงุชุตู ูู ุจุนุฏูู
51	ููู๐	<Media omitted>
52	ูุงุงุงุฎ ุจุงูุฒููู ุจุณ๐๐๐๐ค	ุฏู ุงูุตุงู
53	๐๐๐๐ค	ุงูุช ูุงุณูุฑู ุณุงู ๐
54	ูุช	ุฑูุจุชูู ูุงุณูุฑู
55	<Media omitted>	๐๐
56	ูุนุฑุต๐๐๐๐๐ช๐ช๐ช๐ช	.
57	๐๐๐๐๐ช๐ช๐ช๐ช๐ช	<Media omitted>
58	ุงููู ููุชูู๐๐๐ช๐ช๐ช๐ช๐ช	ุฃูู ูุฑุถ ูููู ุจุณู ุงููู ูุดูู ููุณู ูู ุงููุฑุงูู
59	ููููู ุงูุง ุฒุงุงุชู ุฏุงุงุงูุฑ ุตูุฑุฉ ูุฑุณูููุฉ ุฒู ุฏู	<Media omitted>
60	ุฏุณูุณ๐๐ค	ูุฏุง ุดูููู ุจุฌุงู ูุดููู
61	ุชูุตู๐๐๐๐ค	<Media omitted>
62	ู ุฒุนูุช๐๐๐๐ค	ุจูุตุญู ุจุงููุฑุถ ูุงูููููู ุจุงูุดุทู ๐๐
63	ู ูููู ุงูุง ุงูุฒุนู ุฒุงุงุงุช	<Media omitted>
64	ูููู ุดูู๐๐๐ค	ูุงูุง ุจุนุฒู ูุง ูุฑุฏู ๐๐๐
65	ุงุงุงุงู๐๐๐๐ค	ุงูุง ูุงููู ุฒุนูุช
66	๐๐๐๐๐คุนุงุงุงูููู ูููุง ุดููุฎ ููุฏุง	<Media omitted>
67	<Media omitted>	ูุงู ููุณู ุงุดููู ุฒุนูุงู ๐๐
68	ูููููุงุงุงุงููููููู๐๐๐๐๐๐๐๐ค	<Media omitted>
69	<Media omitted>	<Media omitted>
70	ูุนููููุฉ ุจุณ ุงูุง ุงุนูู ูุฏุง๐๐๐๐ค	ุชููุช ูุงูุช ูุง ุจุชุฒุนู ๐๐
71	<Media omitted>	ุงุฌูุฏ
72	ูุณุน	ูุง ูุฏุง ููู ุงููุถุน ูุธูู
73	ูุนูุงุงูุง ูุญูุง ุฌุงุงูู ูู ุงูุทุฑูู๐คฃ๐คฃ๐ค	<Media omitted>
74	ุฌุฏ๐๐	<Media omitted>
75	ููููู ุฌูุจ ุงูุฒูููุช	<Media omitted>
76	ุงุงุงู ุตุญ	ุฎููู ุจุงุฑุฏ ๐๐
77	ุงูุช ุดุบุงุงู ุจู ุงุฑูุจุง ุตุญ	ูุง ุชุฏููุง ุงูุงุณูุฑูู
78	๐๐๐๐ค	ูุงููู ุชูุจูุดู ๐๐๐
79	ูุฏุง ุฌูุจ ุงูุฑุงุจุท ุจุชุงุงุน ุงูุฏุฑููุฏ	<Media omitted>
80	ูุงุฏููู ุงููููุน ุงููุงุนุฏ ุชุนูู ูููู ุญุณุงุงุจุงุงุช	ููุฑุจุง ูุตู๐ธ๐
81	ุงุงุงู ุนุงุงุฑู ุฌูุจ ุงููุณุฎู ุงูุดุบุงู ุจููุง ุงูุช	ุนูุฏูุง ูุตู
82	ูุฏุงุงุงุงู๐ค	๐๐
83	ูุณุญุชูุง๐๐๐ค	ุงู ููู ูุงู
84	ุงุฑุญ ุงูุชูู๐๐๐ค	ูู  ูู ุญุณุงุจ ุจุฏูู  ููุบุง
85	ุฌูุจ ุงูุถุจุท ุจุนุฏ ุฏู๐๐๐ค	ุงุฑูุจุง ุงูุญุจ ูุงุงุฎ ๐ด
86	ุงุฑุญ	ูู ูุณุฎู ูุงุญุฏู ุจุณ ุดุบุงูู ๐๐๐
87	ุชู	ุจุงูู ุงูุงุตุฏุงุฑุงุช ูููููุง ๐
88	ููุช ุงุดุบููู ุจูุฑุฉ ูุงูู ุงูุง ูุณุน ูุดุชุฑู ุณูุฏุงูู	ุงุฑุญ ุงูุชูุบุฑุงู ุนุดุงู ุชูุฒูู ูุจุงุดุฑ
89	ุงูุง ูููู ููู๐๐๐ค	ูู ุงุฏูุชู ุงูุงุนุฏุงุฏุงุช ูุง ุชุฏููุง ูุฒูู ูุง ุฏุณูุณ ูุงููุง ูุฏุง ุจุชููู ุฒู ุงููุงุชุช  ุงูุง ุฏุงูุฑ ูุญุงูุธ ุนูููุง ูุงุทูู ูุชุฑู  ุดููุฑ ุงู ุณููุงุช ๐๐ฝโโ๏ธ๐
90	๐๐ค	ุนูุฏู ุจุจุฌู
91	ูุงุงุนุฏ ุงุฎูุท ุงุงุงุงุงุงู๐๐๐๐ค	ุงููู ูุง ุฌุงุจ ุจุงููู ๐
92	ู ุฒููู ูุงุดู ุงูููู ุงูุง	ุชูู ุงูุง ูููู  ุณุงุนู ๐
93	ูุน ุตููููู ูุงูุจุงุงูู ู ุจุชุนุฑููู	ุงุฑุญ ููุงู ุจุฏู ุจู ุงูุงุณูุฑููุงุช
94	ุงูุช ููู ุงุตูุง๐๐๐๐ค	ุงูุด ููุงู
95	ุฎุงุงุต ู ุฒููู	ุงุดุชุบู ูุนุงู
96	ูููู ุงูุฏุฑููุฏ ู ุฏุงูุฑ ูุดุชุบู ูุนุงุงู	๐
97	ูุฏุง ุงุนูู ุงุณูุฑูู ูู ุญูู ููู ุดุบุงู	ุฒูุช ุฒูุช
98	<Media omitted>	<Media omitted>
99	.	ูุงุนุฏ ุชุฎุงุท ูุง ูุงุฑู๐
100	ุงุตูุง ุงููุต ุญุงุงุตู๐๐๐๐ค	ุงุฑุญ ุงููุฑูุจ ูููุนุง
101	ุงูุณ ุฑุจุท ูุนุงุงู ููู ู ุจุฑูุน ุจูุงุงุงูุงุงุช	ูุน ููู๐
102	๐๐๐๐๐ค	ุจุชูููู ูุง ุฑุฌูู ูุชุฎูุท ูุนุงู๐๐๐๐๐
103	ุงุงุงุงู	ูู ูุฑูุจ ููุง ุฎุงุต ูุดุฑู
104	ุงุงุงุงู	<Media omitted>
105	๐๐๐๐๐ค	ุฏููู ูุงูุฑุงุณุทู
106	ุงูุตูุฑุฉ ุฏุณูุณุฉ ุจุณ๐๐๐	ุงููุนุชูู
107	๐	ุฏูููู
108	๐ถ๐พ๐ถ๐พ๐ถ๐พ	๐ธ๐
109	ููููู ุงูุฌุฏูุฏ ุดูู	Mtn
110	<Media omitted>	ุฏุฎูุช ุงูุญุณุงุจ
111	ุธุงุงุงุจุท๐๐๐๐ค	<Media omitted>
112	๐๐๐	ูุงูู๐๐
113	๐๐๐๐๐๐ช๐ช๐ช๐ช	<Media omitted>
114	ุณูุจ ุงูุชุนุฑุตู	<Media omitted>
115	ุฏุณูุณ	<Media omitted>
116	ุฌุฏุงุงุงู	ููู ุจูุงู ๐
117	ุงุฑุญ	ุทูุน ู** ูู ูุง ุทูุน ุธุงุจุท ุงูุง ูุญุฑู ุงู ุญุงุฌู ๐
118	ูููุณ	<Media omitted>
119	๐๐๐๐ค	<Media omitted>
120	ุดูุช ู ูุงุงุงู๐๐๐ค	<Media omitted>
121	<Media omitted>	๐
122	ูุฏููู ุจุชุงุงุน ุดูู	ูุญุฏู ุจุนุฏูู ูุทุงูุด
123	ุงููุง๐๐	ุงุฑุญ ูู ูููุดู
124	<Media omitted>	ุณูู ูุฑูุจ
125	ุงูุชุจ ููุฏู ููุง	๐คฃ๐คฃ๐๐
126	ูุงุงู	ูุงููู ุชููุฑ ูุงุฏุณูุณ
127	ุงุงุงุงู ุฏู ูู	ุทูุนุช ูู ุงุณุทูุฑู ุนุฏูู ๐คฃ๐
128	ุธุงุงุจุท	<Media omitted>
129	<Media omitted>	<Media omitted>
130	๐๐๐๐๐ช๐ช๐ช	<Media omitted>
131	ุฒู ุงูุช ูููู ูุงุนุฏ ูุฏุง ุชูููู ูุงููู ุงูุง ูุณูุช ุญุงุงุฌู ููู ู ุนุงุฑู ุงูุง ูุณูุช ุดููู	๐
132	ู ุฎูุงุงุงุงุต ููุณู ููุงุงุงูู ุจุณ๐๐๐๐๐ค	<Media omitted>
133	ููููู	ุฏุณูุณ ๐
134	ุงุงุงุงู	ููุดู ูุฑูุน ููุฌู ูุดูู ุงู ID
135	<Media omitted>	๐
136	ุฏู ููู ุฏู	ูุน ุงูู  ูุง ุงูููุถูุถ ุงุฌุงูุจ ุจุณ ููุณู ุจููู ูู ุชุฏุฎู ูู ุงู ุญุงุฌู ูุชุฏู ุฑุฃูู
137	ุงูุฒูู ูุงุงุช๐๐๐๐ค	ูู ูู ูุง ุจูุช ุญุงุฌู ููู ุชุชุฐูุฑ ุงูู ูุณูุชูุง ุุ
138	ู ุญุฌุฑ๐๐๐๐๐	๐ค๐
139	ุงูุง ูุฑุฏ ูููุง ููุง ูุณุน๐๐๐๐๐๐๐	๐
140	ุดุฏูุฏ ูุงุงุง๐๐๐๐ค	<Media omitted>
141	<Media omitted>	<Media omitted>
142	ูููู ุญุฌุงุงุฑ ู ูุตูุงุงุช๐๐๐๐๐๐ช๐ช	<Media omitted>
143	<Media omitted>	ุงูุณู ุงูุฏูุด ุฏู
144	ุชุนุฑุตู ุจุณ ู ุงูุชุฑ๐๐๐๐๐ค	ุงูููุงููู ูุงู
145	ุงุงุงู	<Media omitted>
146	ุงุตูุง ูู ูู ูู ุงูุงุฌุฒุงุก ูุงุงุงุนุฏู	ุดุจูุชู ุทุดุช
147	ุงุงุงุงู	You deleted this message
148	๐๐๐ค	You deleted this message
149	ูุนุฑุต๐๐๐๐๐ช๐ช๐ช๐ช๐ช	<Media omitted>
150	ุนูู ุงุณุงุงุงุณ ูู ุญุจูุจุชู๐๐๐๐ช๐ช๐ช	<Media omitted>
151	<Media omitted>	ุฏู ุตุญุจู ูุงู ุฏุงูุฑ ูููู ุฑุฏ ูู ูุฒุชู ุงูุง ูุง ุนูุฏู ุฑุฏ ุฌูุชู๐ช๐
152	ูู ุชูุซููู ูุฏุง ูุซููู ุจู ุตููููู ูุงูู ุจุญุจ ูุงุงุฑูุง ุนุดุงุงู ูุตูุญู ููู ุจุชุญุจ ุญุจ ุญูููู๐๐๐ค	ููู ุงูุช ูุชุงุฎุฑ ุงููู ูุง ุฌุงุจ ุจุงููู
153	<Media omitted>	ุฌุงุณูุช ูููู ุณุฑูุน ุณุฑูุน ูู ุงูุชูุฌุฑุงู
154	ุจุงูุฒููู ุจุณ๐คฃ๐คฃ๐คฃ๐คฃ๐คฃ๐๐	ูู ูุงู ุญุฌุฑ ๐๐๐
155	ุงูุง ู ูุนุงูู ุงูุง ุจุฑุง ุงูุฏุงุฆุฑุฉ๐คฃ๐คฃ๐คฃ๐คฃ๐คฃ๐คฃ๐ค	<Media omitted>
156	ู ุฎุณุฑุงู ุดู + ูุดูุช ุงุฌูุจ ููู ุงูุงุณูุฑูู ูุงุงูู ุฏุงูุฑ ุชุชุฌุฏุน ูููู๐คฆ๐พโโ๐๐๐๐ช๐ช๐ช๐ช	<Media omitted>
157	ุงุงุงู ูู ุงูุฎุงุงุต	ุงูุญูุฏ ููู ูุง ุญุฌุฑ ู ูุง ุฒูู ุฑูุงุฏ ๐๐
158	<Media omitted>	<Media omitted>
159	ูุงูุง ุฏุงุงู ุฎููููู๐๐๐ค	<Media omitted>
160	ููููุงุงุงุงุงุงุน ุนุงุงุงูู ุฒู ุญุจูุจ ูุงุงุฑูุง ุงูุชุงุงูู ุฏุงุงู ๐๐๐๐ค	ุฌุฏ๐๐๐ช๐ช๐ช
161	ุงุงุงู ุงุงุงู ุนุฑูุช ูู ููุณู ุชุจ๐๐๐๐ค	ุงูุช ุดูู ุดุจูุชูู ุนููุชูุง ุฎุงููู ุฎุงููู ูุจุชุงุน๐๐
162	๐๐๐๐๐๐๐ค	ุชุนุฑู ูุงุฑูุง ูู ูุณูุณู ุงูุงูุช ุงูุฌุฒุก ุงูุงูู
163	ุฏู ุงูุดูุช ุงููุงุงุงุนุฏ ูู ุงู ูุญู	ูุด ุนูุฏูุง ููุฑูู ๐ธ๐
164	ุงุงุงู ูุงููู ููุณู ุชุตุฑูุงุงุชู ุจุณ๐๐๐๐ค	ูููุง ูุงุนุฏ ูุดุงุบู ูู ุตููู ูุงูุช ุชุฌู ุทูุงูู ุจุชุฐูุฑ ูุงุฑูุง
165	ุงุงุงู ุงูุช ุตุญ๐๐๐๐๐	๐๐๐
166	<Media omitted>	ูุงูุง ุงูุฌููู ุงูุจุนุฏู๐๐๐คฃ๐คฃ๐ค
167	ุงูุช ู ุนุงุฑู ูุนูู ุงุฑุฏูู ุตููุฑูุง ููุง ุดูู๐๐๐๐ค	ุฏู ููู ุฌูุจ ุงูุงุณูุฑูู ูุงูู๐คฃ๐คฃ๐คฃ
168	ูู ุชูุงุงู๐๐๐	ูุง ูุง ูุตุฏู ุงูุดูุงุชู ุงูุงุชููู ุฏููุงู๐๐๐
169	<Media omitted>	ุงูุช ุฎุณุฑุงู ุดูู ูุง ุจููู ูููุง๐คฃ๐คฃ
170	ุฎูููุง ุชุฏููู ุจู ููุณูุง๐๐๐๐ค	ููุง ุฏู ูู ุงูุฎุงุต๐๐
171	ุงุจุชุณู ุจุณ ๐๐๐๐ค	ุงู ุฌูุจู ูุง ูุฑุฏู
172	ุงุตูุง ู ุญุชุตู ุญุงุงุฌู ุงุณุชููู๐๐๐๐ค	ุณุฑู ูู ุจูุฑ ๐
173	ุงูุง ุจุนูู ูุฏุง ู ุงุตูู๐๐๐ค	๐ค
174	<Media omitted>	ุดุฎูุช ุงูุจุงูู ูุงูู ุงููู ูุง ุฌุงุจ ุจุงููู ูุง ูุนุฑุต๐๐๐คฃ๐คฃ๐คฃ๐
175	ููุชุง ุงููุณ ุถุบุทู ุจุณ๐๐๐๐ค	ุฎูููุง ูุณุชูุชุน ุจุงูุฏุฑุฏุดู ุงูุฏุณูุณู ุฏู๐คฃ๐คฃ
176	<Media omitted>	ุฒูู ูุงุฑูุง ููู ูุงูุช ูููู ุชูุฑููู ุญุงุฌู ูุญุตู ุจููุงุชู ูุงูุง ุจุณุงุนุฏูู๐คฃ๐คฃ๐
177	ููููุงุงุงูููููููู ุงูุช ู ุญุถุฑุชูู ุฒุงุงุช๐๐๐๐๐ค	<Media omitted>
178	ุงุงุงู ูุณูุณู reasons why	ุฎุงุดู ูููุง ุฒู ุตุญุจู ุงูุงูุชุญุฑ๐คฃ๐
179	ุงุงุน ููู ูุงุง๐๐๐๐ค	ุงูุช ูุฌููู ๐คฃ๐คฃ๐
180	ู ุดูุช ุงููุงุฏุฑ ุฏูุณู ูู ุตุญุจู	ูุงุนุจ ุฏูุฑ ุงููุงุณูุฑู ุงูุงูุชุญุฑ๐คฃ๐คฃ๐
181	ุงููุงุฆู ุฏู ุงูุตุจุงุญ ุจูุดู ุงูุณูู ุดุบุงุงู ุงููุงููู ููู ุงูุง	<Media omitted>
182	ุงุตูุง ูู ุดูุช ููู ุงููุงุฑุฏ ุงูุช ุงููุงุจ ู ููู	ููู ูููุดู ูุฒุฒู ุตุฏู ๐
183	ูู ุจุดุชุบู ูู ุงูุชูููู ูุจุงุดุฑ	ุฌูุจ ุงุชููู ุจุณ ๐๐
184	<Media omitted>	ุงูุง ููุณู ุงููู ุงููุญุงุฏุซู ุฏู ุจู ุจุงุณ ูุงูู ุจูุช ุชุญุชูู ุนูู ููุงุฏ ุฎุทูุฑู ๐คฃ
185	<Media omitted>	ููู ูุง ุฏูุด ูุญูุง ูุชูููู ูู ุฒูุงู ุงูู ุงููุญุงุฏุซู ุจููุงุชูุง ูุง ุชุชุณุฑุจ ูุงู ุตูุฑู ุงู ุงุณูุฑูู ุงู ุญุชู ุชููู ุงูููุงู ุดููู๐คจ๐
186	ููู๐ธ	ุงูู ุงูุง ูุณุชููู
187	ูุตูููู ูุงุงูุช ูุถูููู๐๐๐๐๐	ููู ูู ููุช ุงุจุชุณู ุฏู ุฌุงูู ูุฌุน ุฑุงุณ
188	ูููู ููู ุฒุงุชู ุบุงุฏุฑ๐๐๐๐ค	ุจุชุฌูุจ ูู ุณูุฑู๐๐
189	ุงุงุงู ุงุงุงู๐๐๐๐ค	๐ด๐ถ๐พโโ๏ธ
190	<Media omitted>	ุดูู ูู
191	ุฑูุฒูู ููุงู๐๐๐๐ค	ูุณูุณู
192	๐๐๐๐๐ค	ุงููููู ุจุณ ุงูุญูู ููู ๐๐
193	ุงูุง ูุงูุดุงุกุงููู ุงููุฑู ุงุชุธุจุทุช๐๐๐๐ค	<Media omitted>
194	ูุฏุงุงุงุงู ุจุณ๐๐๐๐ค	ุดููู๐ช
195	ุงูุง ุงูุฌุฏูุฏ ุชุงุงูู ุดูู	ูุฌุฑุจ ูุง ููุณ
196	ุฌููุน ุงูููุงุญู	ูู ูุง ูุงุณูุฑู
197	ุงููุง	ุฏุฎูุช ูุญูุฏ ููุณู ูุงูู๐
198	ุงุญุดุดุดู๐๐๐๐ช๐ช๐ช	ูู ุงููุฑุจ ุญูุชูุง ุงูุชูุงุชู
199	ุงุงุงู	๐
200	<Media omitted>	ุฌุฏู ูุฌุฏูุง ุฒุงุชู ุงูููุจ ูุฏุง ุฎุฑุจ๐๐ช
201	ุธุงุงุจุท ููุฏูู + ุงููููู ูู ุจุช ุญุฑุงุงู ูุฏุง ูุฑุจุช ุชูุทุฑูู๐๐๐๐ค	ูุฏุง ุฏุณูุณ ุจุฎูููุง ูุฎูุท ุจุญุฑูู๐๐๐๐คฃ
202	ุชูุณุณุณููููู ูุงุงุงุงุง๐๐พโโ๐๐พโโ๐๐พโโ๐๐พโโ๐๐พโโ๐๐พโโ๐๐พโโ๐๐พโโ๐ณ๐ณ๐ณ๐ณ๐ณ๐ณ๐ณ	<Media omitted>
203	<Media omitted>	๐๐
204	ุจุงูุฒููู ุจุณ๐๐๐๐ค	ุณูุฏุงููุฒ ูููุฑ ุฌูุง ุงูุฌู ููู๐๐คฃ
205	ูู ุงูุตุจุงุงุงุญ ุดุบุงุงู ููุงุงููุงุงุช ุจุณ๐๐๐	ูุดูุช ูุงุนุฏ ูุญูู ูู ุจุฑุงุฒููู ูุฏุง ูุดุฑุญ ูู ุงูููุชุฑู ุญูุช mtn ููุฏููู ุญุณุงุจ vps๐๐
206	<Media omitted>	<Media omitted>
207	ุงุงุงู	ุฌุงุฑู .....๐
208	ูุงููู ูุณุน ุงูุง ุญุธุฑุชูุง ุนุดุงุงู ู ุชุชุตูู ูู๐๐๐๐ค	๐๐
209	ุจุงูุฒููู ุจุณ๐๐๐ค	ูู ุงู ูุงุญูู
210	ุจุฑูุน ูููุง ุงูุญุธุฑ ุจุนุฏูู ูุงูู ูุณุน ู ุจุชุฎูููู ุงุฏุฑุฏุด ูุนุงุงูู ูู ุงููุงุชุณ๐๐	ูุงูู๐๐๐๐
211	ุฌุฏ ูุงููู ู ุดุงุงูู ุงุฎุฑ ููุงููุฉ ูููุง ูุจู ูู ูุนุดุฑูู ุฏูููู ุจุณ๐๐	<Media omitted>
212	<Media omitted>	ูุฑูุชูู
213	ุงุงุงุงู๐คฃ๐คฃ๐คฃ๐คฃ๐คฃ๐ค	ูู ุงูุถุฑุงุ
214	ููุฏูู	<Media omitted>
215	<Media omitted>	ุงุฎุจุงุฑ ุงูุฎูุท
216	ุจุฑุถูู ุจุฑุนู ุงุงุงู๐๐๐๐	<Media omitted>
217	<Media omitted>	ูุงููุง ููุงู
218	ููููููููู๐๐ฟ๐๐ฟ๐๐๐	ูุทุฑูุง ุฎูุงุต ุฌูุจ ุงูุฒูุช
219	ููุนุงุงููู ููุจ	ูุนุงูุง ูุนูู
220	ูุชููู ุงุฑุจุนู ููุงููุฉ๐๐๐๐ค	ุฏุฑุนุงุช ูุญุฑูุงุช ุงุงุง
221	ูุนุฑุต๐๐๐๐ช๐ช๐ช๐ช๐ช๐ช	ูููุชูุง ููู ููุงู๐คฃ
222	ูุชูู ุณุจุนู๐คฃ๐คฃ๐คฃ๐คฃ๐ค	ุงูุช ุตูู ุณุงู ๐น๐น๐
223	๐๐๐๐ฟ	๐ธ๐
224	ุงุญูุง ุดู๐๐๐ค	ุงูุณุงุนู  ุฏู ุงูุช ูู ุงูุถุฑุง ๐
225	ููููุงุงุงุงุน๐คฃ๐คฃ๐คฃ๐คฃ๐คฃ๐คฃ๐คฃ๐คฃ๐๐	ุนุฒุชู ููู
226	<Media omitted>	<Media omitted>
227	<Media omitted>	ูุฑูุชูู๐ถ๐พโโ๏ธ๐
228	ุฏู ุตููุฑุชู ุงูุง๐๐๐๐ค	ุจุงุตู ูู ุงุฎูู๐ธ๐ช
308	ูููููููุงุงุงุงุงุงุงุงุน	<Media omitted>
229	<Media omitted>	ุงููุงุฏ ุญู ุงูุณูุงู ูุงุฏุฑูู ูู ุฏู ุจุณ๐คฃ๐คฃ๐
230	<Media omitted>	๐
231	<Media omitted>	ูุณุช ููุชู ๐๐ช
232	ุจุงูุฒููู ุจุณ๐คฃ๐คฃ๐คฃ	ูุงุฏุฑูู ุงูุง ููููุงู ุงูุดูู ๐๐๐ช
233	<Media omitted>	๐ค๐
234	ุงูุดู ู ุญุฌุฑ	ุงุญุดูุง ุฎูู ุชุจูู ููู ุจุช ุงูุดูุทุงู ๐๐
235	<Media omitted>	<Media omitted>
236	ููููุชู๐คฃ๐คฃ๐คฃ๐ค	ุตุญุจู ุฏู ุงุจุชุณุงูุชู ูุงุญู ุงูุณูุงุก
237	ุงูููู ุฏุงุงูุฑุฉ ุชุณูุน ุตููุชู ุจุณ๐คฃ๐คฃ๐คฃ๐ค	<Media omitted>
238	ูุงูุง ู ุฑุฏูุช ููุง ูู ุฑุณุงุงูุฉ	ุฏู ูุทููู ูู ุฏุงุนู ุชุดุฎุจุท๐
239	ุจู ููููู ู ูุงุงุงู๐๐๐๐ค	<Media omitted>
240	ูุงุงุงุดู ุงูุง๐๐๐ค	ูุง ุจุชูุฑ ูููุง ๐
241	ุงุฑุญ	ุฌูุจ ุงูุฒูุช ุจุณ
242	ููููุงุงุงุงูููููููู๐๐๐๐ค	<Media omitted>
243	ุจุชูุฏุฑ ุชูุณุฑ ุชูุฌ ููู ู ุญุฌุฑ๐๐๐๐ค	ูุณุชุงูู ููู
244	ุงุฑุญ ุงุงุงู	ุทูุนุช *****๐๐๐คฃ
245	ู ูููู ูู ุงุณุน ู ูุฏุฑุช ุชุฏุฑุฏ ูููุง๐คฃ๐คฃ๐คฃ๐คฃ๐ค	ูุงูู ููู ุญุชู ูู ูู ููู ๐
246	ุงุงุงุงุน ููู ูุงุงุง	<Media omitted>
247	ููููุงุงุงุงููููููู๐คฃ๐คฃ๐คฃ๐คฃ๐ธ๐คฃ๐ค	ูุง ุชูุดู ุชูุณุงุณ ูุฑูุจ ุฏู ุจุณ ุฉูู ุดู ๐๐คฃ๐
248	ุงูุดููู ุจุณ	ุงุฑุญ ุงููุฑูุจ ูุดุชุบู ุดููู
249	<Media omitted>	ุฏุงูุฑ ูุดูู ุจุทุงุฑูู ูุทู ๐ธ๐๐คฃ
250	ุงุงุงุงู๐๐๐ค	ููุง ููู
251	<Media omitted>	<Media omitted>
252	ูุฑุฏุชู ุงูุง ุฒุงุงุชู	ุงู ููู ุงุฏูุชูุง ูู ุงูุชููู ุจ
253	<Media omitted>	ุจูุฑุง ุชููุง ุตูุฑุชู ูู ุงูุญุงูู
254	ุฑุงุงุงุณุทุงุงุงุช๐๐๐ค	ูุณุน ูุง ุฏุฎูุช ูู ุงูุนูุงุฑ ุงูุซููู ๐คฃ๐ช
255	ูุงูุง ุงูุช ุงุฏูุชูู ุฑูููู ููุช ูู ุถูููู๐๐๐๐ค	<Media omitted>
256	ุงูุช ุงููููู๐๐๐ค	<Media omitted>
257	<Media omitted>	ุชุนุฑู ูุงุฑุณ
258	ูุงุงู ูุงุงู๐๐๐๐ค	ุงูุฒูู ุฏู ูุฑุชู ุดุฏูุฏ ูุงุนุฏ ูุฏุฑุฏุด ูุนุงูู ูุฌุงุก ูููุชู ุฎุงุชู ุจุฑููุงููู ููุช ุชููููู ุฌูู ููุง ุงููุงุชุณุงุจ ุถุฑุจู ุงููุงูุฑุฒ
259	๐๐๐๐๐ค	<Media omitted>
260	<Media omitted>	<Media omitted>
261	ุธุงุงุงุจุทุฉ ูุงููู ูุชุนุฑุตุชูุง ูููููู๐๐๐๐ค	ุฎูุนุชููู
262	<Media omitted>	๐คฃ๐คฃ
263	ู ุฒูููู ุฎููุช ุงู ุญุงุงุฌู ุจูููููู ูููุง ุฌูุณ๐น๐น๐น๐ค	ุนุฑูุชู ูู ุงููุฑูุจ ุตุญ๐คฃ๐คฃ
264	๐น๐น๐น๐น๐น๐น๐ค	ูุงุงุฑุงุช ๐คฃ๐ค
265	ุฏู ุฑุงุณ ุงูุจุชุงุงุน๐น๐น๐น๐ค	<Media omitted>
266	ู ุจุชูุฏุฑ ููููููู๐น๐น๐น๐ค	Is me ๐คฃ๐๐
267	ุชูุงู๐น๐น	ูุงูู
268	<Media omitted>	<Media omitted>
269	ููุฑู๐	๐๐๐ค
270	๐น๐น๐น๐น๐น๐ค	ุงูุฏุจุงุจู ุงููุงุจุณู ุงุณูุฏ ุจููุนู ูุนุงู ๐๐คฃ
271	ุจุงูุฒูููู ุจุณ	<Media omitted>
272	ูุฒู ๐๐ค	ุงููู ุนูู ุงูุฑุงุณ ๐๐๐๐
273	ุงููุง๐น๐น๐น๐ช๐ช	ุฑุงุณ ุฒู ุงูุฑุงุณ ๐คฃ๐คฃ๐
274	ูุฒููู ุจุฑุงุงู	<Media omitted>
275	ุญู ุงูุณูุงุงู ููุง ุงูุณููุฏุงู ููููู๐น๐น๐น๐ค	ุงุฏู ูู ูุทูู๐คฃ
276	<Media omitted>	<Media omitted>
277	ุงูุช ูุตู๐น๐น๐น๐ช๐ช๐ช	ุฌุฑุจ ๐
278	<Media omitted>	๐ธ๐
279	ูุชุด ุงุงุงู๐น๐น๐ช๐ช๐ช	ููู
280	ูุด ุญู ุงููุงุณ ุงูููููู ุงุฒุฑู ุฏู	ูู ูุง ุฒูุชุช
281	ุงูุด ู๐น๐น๐น๐น๐ค	ุงุชุตูุช ูููุชู ูุงุนุฏ ุชุฎูุท๐คฃ๐คฃ
282	ู ุธุงุงุจุท๐๐ค	<Media omitted>
283	๐น๐น๐น๐น๐น๐ค	ุฏุงูุฑ ุตุฑุงุน ุงูุนุฑูุด ุงูุฌุฒุก ุงูุชุงูู ูุงูุชุงูุช ๐คค
284	ุงุงุงู	๐
285	ุงุงุงุงู๐น๐น๐ค	ุฏุงู ุฌุง ุจุงูุบูุท ุฏู ุงูุตุญ๐
286	ูุงูุง	ุดูู ุุ
287	ุงูุง ุงูุช ุฌุฏูุฏู ุดูู	Game of thorones๐
288	ุทูุจ ุฌูุจ ุตูุฑุฉ ุงูุจุช๐น๐น๐น๐ช๐ช	ูุงู ููู silver ุจูุงุช ุญู ุงูุณูุงู ูุงูู ุงูููุนูู ุฏู๐คฃ๐คฃ
289	ุงูุง ูู ุฌููุช ุงูุช ุชุทูุนูุง ูู ุจุฑุง ุงูุดุงุฑุน	ุฏุงูุฑ ูุญูููู ููู ูุง ูุณุทู๐คฃ
290	ูุนุฑุต๐น๐น๐น๐ช๐ช๐ช	ุฌุงุฑุชู ุดุนุฑูุง ุฒู ุฏู ๐๐
291	ุธุงุงุจุท ุงูุง ุจูุฑุง ุจุฌููู ุฎูุงุงุต	<Media omitted>
292	ูููููุงุงุงุงุน๐น๐น๐น	Avatar
293	ุงูุด ู๐	๐ฅ๐ฅ๐ฅ
294	ุจุงูุฒูููู ุจุณ๐คฃ๐คฃ๐คฃ๐คฃ๐ค	ุฌุงูุฏ ๐
295	ุณุงุงุงููู ููู๐๐	ุฏูููู ููุชุด ุตูุฑุชูุง ูู ุนูุฏู ๐๐
296	๐คค๐คค๐คค๐ค	ุงุนุนุนุน ุงูุช ูุง ูุดูุชู ุนุดุงู ูุฏุง ๐๐ณ๏ธ
297	ููุดู ูุฒููุฑูู ุจุฑุถูู๐น๐น๐น๐ค	ุงุชุตูุฑุช ูุนูุง ุณููู ูู ุนูุฏ ุงูุถุญูู ุงููุจู ูุงุช ๐๐
298	ููู๐น	ุงู๐๐ฅ๐ฅ๐ฅ
299	<Media omitted>	๐๐๐
300	ูุงูุง ุฌุนุงุงุงู๐น๐น๐น๐ค	<Media omitted>
301	ูุงูุง	ุงูุช ุจููุน ูุนุงู ุงูุง ุงูุงููุงู *ุงู+*
302	ุงูุช ูุณู๐๐ช๐ช	ุนุดุงู ูุฏุง ููุช ูู ุงูููู ูุง ุธุงูุท ูุนุงู ๐คฃ
303	ููู ููุงูู ุฏู	ุงูุช ูู ุฏุงูุฑ ุชูู ุงูุดู ูููู ุนุฏูู๐คฃ๐คฃ
304	ุงุงุงู ูุนูู ุชุชููุน ุงููููู ุดุจุนุงุงู	<Media omitted>
305	ููููู ุงูุตูุง ุนููู ุฏููู	ุงูุง ุงุฎุฑ ุฒูู ูููู ุนูุฏู ุฌุฏูุฏ ๐
306	๐๐	ุชุนุงู ุดูู ูู ุงุฑุถ ุงููุงูุน
307	<Media omitted>	๐
309	ุชููููู ุฏู ุงูุช ุจููุช ุดูุช ูุฏุง	ููุดู ูุนุงู ุฌูุง ุฒุงุชู ูู ุฏุงู ุงููู ูุฑุฏุชู ุดุฏูุฏ
310	ููููู ู ุชูุฐุจ ู ูุณู๐๐ช	<Media omitted>
311	ูุงูุช ุจุฎูุฑ	ุฎูู ุงูููุฑููุง ุชูุดู ุงูุฒูู ุฏู ูุง ุฏุงูุฑู ูุดุบููุง ูู ุงููุงุณ ุณุงู
312	ูุนุฑุต๐น๐น๐น๐น๐น๐ช๐ช๐ช	<Media omitted>
313	ูุงูู ูููุช ุงูุตูุฑุฉ ูู ูุญู ุชุงุงูู	ุญูุชูุง ูููููุง ๐๐๐
314	ุงุงุงุงุงู๐	ุฏู ุงูุจูุงุช ููุฑู ูููู ุงูุงููุงุฏ ูุณู ุดูู ุจุนุฏุง ๐๐
315	ู ูุฑูุชููู๐น๐น๐น๐น๐น๐ค	<Media omitted>
316	ุงุงุงุงุงู	ูู ุจุช ูุฏุง ุงูุง ุจุนุฑููุง ูู ููุช ูููู ุชุบุชุตุจู ุจุงููุธุฑ ุจุณ ุจุนุฏุงู ุจููู ุงูุจุงูู ๐๐
317	ุญุฒููููู ู๐น๐น๐น๐ค๐ค	<Media omitted>
318	<Media omitted>	ุฎุฑุทูู ุจุงูููู ๐๐
319	ููููู ุบุงุงุงูุฌ	ุฏู ุงูุดูุงุชูู ๐
320	๐ฅบ	<Media omitted>
321	ูุดูู  ูููุง ุฏู	ุดุงุฑุจ ุจููู ููุง ุดูู ๐น
322	ูู ุงูุญุงูุฉ ุจุชุนุงุงุนุชู	ูุณู ุดุบุงููู ูุฏุฑุณู
323	ุจุชุงุงุงุนุชู***	ุฌุนุงู ูููุง ุดูู
324	ุงุณุชูููุชูุง	ุงูุช ูุงูู ูู ุงููุฏุฑุณู ูุฌุนุงู ๐น๐
325	<Media omitted>	ุงููุฏ ๐ค
326	ุดูู ุจุชุบูุฌ ุจุฑุงุงู ู ูุตู	<Media omitted>
327	ุทูุจ ู ุชุนุฒูุง ูุนุงุงู ูุงูู	<Media omitted>
328	ุฏุงุงู ูุงุงุงู ูุฏููููุน ูุงุงุงู๐๐พโโ๐๐พโโ๐๐พโโ	<Media omitted>
329	ุงููุง	ุงููุฏ ๐
330	ูุงุงุฎ ุฏุงูุฑ ุงุนูู ูู ุญุณุงุจ ุจุงู ุจุงู	ูู ุนุงุงุงุงุงุงุงุงุงู ูุงูุชู ุจุฎูููุฑ ๐ูู ุณุณุณุณูู ูุงูุงููู ุญูููููููููููู๐ ูู ุณููู ูุงูุงุงุงุงุงุงุงูููู ูุญูููู๐ ุฑุจูุง ูุฑูุน ุนููุง ุงููุจุงุก ููุณุนุฏูุง ูููุฑุจูุงุงุงุง ููู๐
331	ุงูุง ูุชุงุงุงูู	ุงูุจุฎูููู ููุฐุจ ุดูู ๐
332	ูุงูุช ุนูุฏู ููุง ูุง	ุงุชุตูุช ููู ูููุชู ูุดุบูู ๐๐ธ
333	ุงููุง	ุฏู ูุง ุงูุฑุณูุชู ููุช ููู ุตุญุจุชู ูุง ูุฑูุช ุงูููุงู ููุง ุดูู
334	ูุฏุงุงุงุงู๐คค๐คค	*ูุง ุงูุง ุงูุฑุณูุชู
335	ููู ุงูุง ูู ุฏุงูุฑ ุงุนูู ุญุณุงุจ ุจุงู ุจุงู ุจุฌูู ูู ุงูุจูุช	<Media omitted>
336	ูุงูุง ุงูุง ุงูุจุฌูู ูู ุงูุจูุช๐คฃ๐คฃ๐คฃ๐ค	ุงูุช ูุงุตุฏ ุงูุตูุฑู ุงูุง ุฑุงุณููุง ูุนูู ๐น๐น๐น๐
337	ุงุงุงู	<Media omitted>
338	ูุณุน ู ุฌุงุงุฏุจ ุงูุง๐น๐น๐	ูุง ูุตูุช ููููุงุฑู ูุฏุฑ ุฏู ๐คฃ๐๐๐
339	ุฏู ุณุฑุนุฉ ููุญูุง ุนูุฏูุง ุณุฑุนุฉ๐	<Media omitted>
340	ุงุงุงู ูุงููู๐ฅบ๐	<Media omitted>
341	ููู ูุฒููู ููู ุญููุฉ ูุงุญุฏุฉ ุจุณ	ุบูุฌ ููู ๐น๐น๐
342	ููุณู ุงูุฌุฒุก ุงูุงูู ุจุณ๐น๐น๐ค	MB๐งุฏู ููู
343	ุฏูููู ุจุณ	GB ๐ค
344	ุงููุง	<Media omitted>
345	ุญุฒุฒุฒุฒููููู ูุงุงุงุฎ	Yes pro
346	<Media omitted>	ุฏู ูุง ุบูุฌู ุฏู ุญุณุงุจ ุฏุฑููุฏ ูุฏููุน ุจุณ ูุน ุงูุจุฑุฌ ุงููู ุงูุจุงุจ ูุงู G  ุฏู ุจุทูุน ุงูุดุบู ุญูุงูู ๐ฅ
347	ููููููููุงุงุงุงุงุงุงุงุงุน๐น๐น๐น๐น	<Media omitted>
348	<Media omitted>	ุนุฒูุชู ูููู ุฒูุงู ูุง ูุชุฒูุฑ๐ง
349	ูููููุงุงุงุงุงููููููููู๐น๐น๐น	ูุงูุง
350	ุงุณูุนูู ูุฏุง ุฌูุจ ุฑูู ุงูุฒุจูุฑ ูููููู ูุงุงุชุญ	ุงููุฏููุน ุจู  ุฏููุงุฑ ุดูุฑ
351	ุงุงุงู ุงุงุงู๐น๐น๐ค	ุดูู ุฒูู ุจุฑุง ูุฏูู ุฑููู ุงู ูุฒู taks naw
352	ุนุฏู ููููุถููููุน	ูู ุงูุณูุฏุงู ุชุงูู ุญุธุฑู ๐น๐
353	ุฒููููู ูุงููู๐ค๐ป๐ฅ๐ค	ุงุดุชุฑ ุฏููุงุฑ ูู ุฒูู ุนูุฏู ูุญูุธู ูู ุฏุงูุฑ ๐
354	ููููู ู ุตูู ุบุงุงูุฌ ุจู ุดูู	ุงุดุชุฑูุชู ๐ค
355	ูููู ูุจูู ุงุชุตูุช ูู ูุงุงูู	ูู ุงูุณูุฑูุฑุงุช ุงุชุตูุญุช ูููู ุงุฏุฎูู ุถูู ูู ุงูุญุณุงุจู ๐ค๐
356	ุงุญุดู	ููู ูุนูู ูุฌูู ุจุทุงูู ุตุฑุงู ุชูุดู ุชุตุฑู ุนุงุฏู ุฒู ุงูุจุทุงูู ุงูุจูููู ุ
357	ูุฏุง ุงูุชุจ ูู ุงุณูุงุก ุงุจุทุงู ูุณูุณู elite ู ุฑูุณูู	ูู ุจูู ุงููุชุฑููู ุชุนูู ุญุฌุงุชู ูููุง ูู ุงููููุน ุจุฏูู ูุง ุชุญุชุงุฌ ูู ุจุทุงูู ูุตุฑููู
358	ุงุณูุงุกูู ุงูุญูููู ู ุจุดุฑ	ุงู ูุตุฏู ูุฏุง๐น
359	ุงูุชุจ ูู ุงุณููุง ุจุงูุงูุฌููุฒู๐คค๐คค๐ค	ุจููู ููู ุงูุจูุจุงู ูุญุธูุฑ ูู ุงูุจูุฏ ุฏู๐น๐น
360	ูุชุงุงูู	ูุณู ุฎุด ูููู ูุงูุชุจ ุจุงูุจุงู ููู ุฌุงุจู ููู ุงุฏุฎู ุดูู ุงููููุน ุจูุชุญ ููุง ูุง ุจูุชุญ ๐น๐ุจุฏูู VPN
361	๐๐๐๐ช๐ช๐ช๐ช	<Media omitted>
362	ุฏุณูุณ	<Media omitted>
363	ููููุงุงุงุงุงุงูููููููู๐๐๐๐๐ค	ุญูุชูุง ุฏู ุงูุง ูุณูุชู ุจุณ๐๐
364	ูุงููู ูุงุงุฑูุง ุฏู ุงู ุงููุฒุฒ ุฒุงุงุงุชููู๐คค๐คค๐ค๐ค๐ค	๐ค๐พ
365	ููููููุงุงุงุงุงุงููููููููู๐๐๐๐๐๐๐๐ค	<Media omitted>
366	ุญููู ูุจููุฑ	<Media omitted>
367	ุธุงุงุงุจุท	<Media omitted>
368	ุงูุณูุจู ูุงุงุฑ ุงูุถูุน๐๐๐๐ค	ุงูููุงุณู ุงูุฌุฏูุฏู ูุฒูุช ุงูุณ ุนูู ูุง ุงุทู
369	๐๐๐๐๐	<Media omitted>
370	ููููู ุงูุง ุงูุฌุฒุช ูููุง  ุฑูุณูู	ุงูุซู ุฎุณุงุฑู x ุฎุณุงุฑู ๐
371	ูุงูุง	<Media omitted>
372	ูุงุงุงู ูุงุงุงู๐คค๐คค๐ค	Spotifiy $ +netfilx $
373	ูุนูู ูุฏุง ุฎูุงุงุต ุฌุจุช ูููุง ุงูุฌุฏูุฏ๐คค๐คค๐คค๐ค	$
374	ูุนูู ู ูุฒูุช ููุง ุญุงุงุฌู๐๐พโโ	<Media omitted>
375	ุงุงุงู ุนุฒูุง ุงุญุฏู ู ุงุฏููู ุงูุฒูุช ุงูุง	<Media omitted>
376	๐ค	ุณูุจู ....๐ถ๐พโโ๏ธ
377	ุงูุง ูู ุชูุณุงุณ	ุฒุจูุฑ.vcf (file attached)
378	+ู ุนูุฏู ุดุฑูุญู ุฒูู	<Media omitted>
379	ู ุฏุณูุณู๐๐๐ค	ุญูู ุฌูุณ๐นโ๐พ
380	<Media omitted>	ููุงูู ุนุงููู ๐น
381	ูููู ุดูู๐๐ฅ	<Media omitted>
382	ูุนูู ุงูุช ูุณุน ูู ุงููุงููุง	<Media omitted>
383	ู ูุตู ุฏุงูุฑ ูู ุญุณุงุจ ูุชูููุณ๐ธ๐ค	ุฏุงูุฑ ุฑุตูุฏ mtn  ููููุช
384	ุฏุณูุณ	<Media omitted>
385	ุงุงุงุงุุ	Hana
386	<Media omitted>	ุจุนุฑู ูููุง ุงูุญููุงูู ุจุณ ุฏู ูุงุฏูู ูู elite
387	<Media omitted>	ุงููุฒู ุฏู
388	<Media omitted>	<Media omitted>
389	ุงุญุณู ุดู๐๐๐ค	Mina El Hammani
390	ูุงูุง ู ูุฏุง๐๐๐๐ค	<Media omitted>
391	ุฏุณูุณ	ุงููููุฐ ูู ุงูููุณู
392	ุงูุจุงุณ ุทูุน ุฎูุท	<Media omitted>
393	ุงุงุงู ุดุบุงุงู ุฏุณูุณ ูุฏุง	ุงุฏุฎู ูู ุตูุญุชูุง ุชููุง ุงูุจููู
394	ูุฏุง ู ุฑุงุจุท ุงูุฏุฑููุฏ	ูุฒุชู
395	ุจุนุฏ ูุฏุง ุฌูุจ ุญุณุงุจ ุงูุฏุฑููุฏ	<Media omitted>
396	ูุงุดุฑุญ ูู ุทุฑููุฉ ุงูุชุดุบูู	<Media omitted>
397	ุงูุง ุงูุจุงูู	ูุงุฏูู
398	ุงูุง ุณูุฑูุฑ ูู	<Media omitted>
399	ุฏุณูุณ๐๐๐๐ช๐ช๐ช	ุงูุช ุตูู ูููุง
400	ุฎูุงุต ุธุท๐๐๐ค	ุงูุง ูุดุฑู ูููุฒู ูุงุฏูู ุชุฑุฏ ูู ูู ุงูุงุณุชุบุฑุงู
401	ููููู ุงูุดุบู ุงุจุง	<Media omitted>
402	ู ุจุดุฑ ุดุฑูุญุชู ุดุจุงุจ	ููู ุชุฑุฏ ุจุฏูู ุงูุงุณูุฑูู
403	<Media omitted>	<Media omitted>
404	<Media omitted>	<Media omitted>
405	ูุทูุจ ุดูู ุจุชุชุดุฑูุท ูู	ูุง ูููุช ุฒูู๐๐ฅ
406	ุถุจุทูู	<Media omitted>
407	ุงูุดุฑูุญุฉ ูุงุญุชูุงู ูู ุงูุชุทุจูู	ุนุดุงู ุงููุฒุฒ ุฏู ุณูุงุฌู ููุฑุงููุฑ ๐ฅ
408	ูุงููู ุงุชุขูุฏุชุง ูู ูุฑู ุงูุง	<Media omitted>
409	ู ุจุนูู ูู ูุฏุง	<Media omitted>
410	ุฏูููู	ูุงุนุฏ ูุดุงูุฏ ุงูุฌุฒุก ุงูุชุงูู ุงูููุงูู
411	ูุงูุง	ุจุฌุงุณู ุงูุจููู
412	<Media omitted>	<Media omitted>
413	ููุณู ุงูุดู ุจุณ	<Media omitted>
414	ุดูู	<Media omitted>
415	ุฎูุงุต ุฑุจุท ู๐๐๐๐๐ค	ูุฏุงู ู ูุฑุฏู
416	<Media omitted>	ุดุจูู ุฒูู ูู ุญูุชูู ููู
417	ุฏุณูุณ	ู
418	<Media omitted>	ุงูุง ุทูุนุช ุดุฑูุญุชู๐น๐น
419	ุฏูููุฉ ูุฌุฑุจ ุงูุชูุฒูู	ูุงุนุฏ ูุณุงู ูู ุงูุชุบุทูู ูู ุญูุชูู ๐น๐น
420	<Media omitted>	<Media omitted>
421	ูุงูุง ูู ุจุนุฏู๐คค๐คค๐ค	<Media omitted>
422	ุดุบุงุงู ุจุงูุชุทุจูู ุงุงุงู	<Media omitted>
423	<Media omitted>	No commend
424	<Media omitted>	ุฌูุง ุงูุฌู
425	๐๐๐๐ค	ุฌูุง ุงูุจูุฏ ุฏูู
426	<Media omitted>	ูุฏุงุงู  ุงูุชุธุฑ ุจุณ
427	ุงูุฌูู ุฏู ู ูููุงุณ ุงูุณูุงุงุฌู๐๐๐๐ค	<Media omitted>
428	<Media omitted>	<Media omitted>
429	<Media omitted>	<Media omitted>
430	<Media omitted>	๐
431	ูู ุชูุงุงู ู ุจุชููู๐๐๐๐ค	<Media omitted>
432	ุญุฑูู๐๐๐๐พโโ	ุชูููุฑ ูุงุดู ูููู
433	ููููู ุจูุชู ููููู ุณูุฌู๐คฃ๐คฃ๐คฃ๐คฃ๐ค	<Media omitted>
434	<Media omitted>	<Media omitted>
435	ุงุงุงู ุฒูููู	ุงุญุณู ุจุชุงุน ุดูู ุนุดุงู ูุงุนุฏ ุชุฎูุท
436	<Media omitted>	ููุง ุดูู
437	<Media omitted>	<Media omitted>
438	ูู ุงูุงุฎุฑ ุงุฏููู ุฑูููุง ูุจุณ๐๐พโโ๐คฃ๐คฃ๐คฃ๐คฃ๐คฃ	alktry@gmail.com
439	ุญุฑุงุงู๐คฃ๐คฃ๐คฃ๐ค	King
440	ูุงูุช ุดุบุงุงู ููู๐๐๐๐พโโ	ูุง ุชุบูุฑ ุงูุจุงุณ
441	ุงูุช ุงููููู ุทุงุงุฑุช ููู๐คฃ๐คฃ๐คฃ๐ค	Alktry@gmail.com
442	ููููุช ู ุตุญุจู๐๐๐๐๐พโโ	king
443	<Media omitted>	ุดุบุงู ุจุงููููุน ููุง ููุฒู ุงูุชุทุจูู
444	<Media omitted>	ุงูุชุจ ุฏุฑููุฏ ูู ูููู ุจูุงู
445	ุงูุช ุงุตูุง ูุงู ุฒููู ุฏุงุงุงูุฑู	<Media omitted>
446	<Media omitted>	<Media omitted>
447	ูุงูู ูุนุงุงูุง๐๐ช๐ช๐๐	<Media omitted>
448	ุธุงุงุงุจุท	Noro
449	ุจูุฏุฑ ุจุฌููู๐๐ค	nor
450	ุงูุง ุงูุดุญู ุจุชุงุงุน ุงูุดุฏุงุฏ ููู ูููู	ุงูุจุงุณ
451	ุงุตูุง	<Media omitted>
452	ุฏูููู ูุดููู ุฒูููู ุฏู	ุฎุด ูู ุงูุณุฑูุฑุงุช ุงููุฏููุนู ูุง ุนูุฏู ุดุบูู ุจุง free
453	ุงุงุงุงู	<Media omitted>
454	๐ค	<Media omitted>
455	<Media omitted>	ุดุจุงุจ ูููุง ููู
456	ุฏู ุชุงุงุงุงููู	ุงู ุฏู ูู ุฒุงุชูุง
457	ุณุนุฑู ูู	ุงูุดู ุงุถุจุท ุงูุชุทุจูู
458	ุงุญุดู๐๐๐ช	.
459	ุงุณูุนูู ุงูุง ุจูุฑุฉ ุฌุงุงุงููู	ุดููุ
460	ุณูุงู ุนูููู ุงูุง ุญูู ูููู ุทุฑู ุฎูุท ุชุชูู ุจุฑุงูู ุชุฌุชูุฏู ููู ุชุฏู ูู ุจุนุถ ุงูููู ุงุชุตุฑูู ูุฅูุดุงุก ุงููู ุชุฒุจุทู ุจุณ ุงุฑุฌู ูู ุงููุงุงุณ ูุง ุชุฌููู ุฎุงุงุต ูุงูู ูุง ุญุนูู ูููู ุงุงุงู ุดู ุชุงูู ููุง ุจูุฑู ุฒููู ุชูุงู	""
461	ูุฏู ูุดู ุงูุดุบู ุฏู	ุงุชุงูุฏ
462	ุงุญุฏู ุจุฏูุชูู ุงููุญุถุฑุงุช๐๐๐๐ค	<Media omitted>
463	ูุนูู ู ุณูุฏุงูู๐๐	ุทูุจ ุงุชุตู
464	ุงูุช ูุฏุง ุงุญุฐู sa	ุงุนูู start
555	ุฎูุตุช ุงูุชุญุงูุงุช ูุนููุ	โ๐๐๐
465	ุงูููู ุธุงุจุท	ุงูุช ูุดุชุฑู ูู ุฎุฏูู ุชุงููู ุบูุฑูุงุ
466	Maul trevejo	ุจุชุตู ุฌุฑุจ
467	๐๐๐๐ค	ูุง ุงูููุฒ ุบูุท
468	ู ูุงู	<Media omitted>
469	ุธุงุจ	Noro
470	ุท	nor
471	<Media omitted>	<Media omitted>
472	<Media omitted>	ูุง
473	<Media omitted>	ูุจูู ูุงู ุชูุงุชู ุณุจุนุงุช
474	ููููู ู ุนุฑุต๐๐๐๐๐ช๐ช๐ช	<Media omitted>
475	ุญุถุฑุชูู๐๐๐๐ค	ุงูุชุจ Noro
476	๐๐๐๐ช๐ช	<Media omitted>
477	ููููู ูุงู ุญุงุฌู ูุนุจู๐๐๐๐ช๐ช	ุงุบูุฌ
478	ูุงูุง๐๐	<Media omitted>
479	ุฏูู ูุงุณ ุงูุดูุงููุฉ๐๐๐๐๐ค	ุงูุงููุฑ ูุถุญุช
480	<Media omitted>	<Media omitted>
481	ุดูู ู๐๐	<Media omitted>
482	ุงุงุงู ูุงููู	<Media omitted>
483	<Media omitted>	ุงุดุชุบู ุจุงูุทุจูู
484	ุงุงุงู ูุงููู + ู ูุงูู ุดุบู ุธุงุจุท ุงูุง	<Media omitted>
485	ู ุนุงุฑู	<Media omitted>
486	ูู ุงูุช ูุนุฑุต ููุง ู ูู	<Media omitted>
487	ูู	ุฌูุจ ุฑูู ุงููุฒู ูุฏูู
488	ุฏู ููู ุฏู๐	You deleted this message
489	ูููููุงุงุงุงุงุงุงุงุนุนุน๐๐๐	<Media omitted>
490	ู ุจุชุดุจููุง ููุง ุงู ุญุงุงุฌู๐๐	ูุน ุงูุฌููู ๐ฅ
491	ู ุฒูููู ู ุจุชุดุจููุง๐๐๐๐ค	<Media omitted>
492	ุงูุจููููุงุงุช ุฏู ุงูุง ุชููุงูุง ูู ุงูุฏุงุฎููุฉ๐๐๐๐๐๐ค	ุงูุญู ุงูุฌู ู ุดูุดู
493	๐๐๐๐๐คููู	ูุฌูุจ ุฑูู ุงููููู ุงูููุฒูู ุงูููุฒูู ูุณุชุงู๐ธ
494	ุฎุงุงุงุงู ุตุญ	<Media omitted>
495	๐๐๐๐๐๐ค	Fucking way pro
496	ุญุถุฑุชูุง ูู ุฒูุช ูุฏุง๐๐๐ค	ุงูุฌู ุฏู ููู ุจูุชู ูููู ุฒูู
497	ุณูุนุชูุง ูู ูุฒูุช ูุฏุง***	ุฑุงูู ูุณุจุจ ุงูุญุฑุงูู
498	ุงุงุงู	ุณูุฌู ูู ุฒูู ููู ุ ๐ธ
499	ูุงููู ูู ุงุณูุงุจ ุชููุจ ุจุณ	ูุง ุชุฎูุท ูุชุฎูู ุงุฎูู
500	๐๐๐๐๐ค	<Media omitted>
501	ูุณููู ู๐๐๐ค	<Media omitted>
502	ุงููุง	ุงุนูู ูุฑูุจ ูููู ุชูุงุชู ููุฑ ุจุณ ุชููู ูุง ูุตุฑุช
503	ุงุณูุนูู ุฏุงูุฑ ูู ุญุณุงุจ ูุชููููุณ ู	<Media omitted>
504	<Media omitted>	ุฌูุจ ูุงุนูู ุงููุฑูุจ
505	ููุฑู	<Media omitted>
506	ุชูุงู ูุงููู	ุนุดุงู ุจุนุฏูู ุชุฑูุน ูู ูู ููุช ุญุงุฌู ุบูุท
507	ููู๐๐	<Media omitted>
508	ุงูุช ูุด ุงูุช ููุงุนุฏ ูู ุฒุงููุฌู๐๐๐๐๐๐๐ค	ูุฎูุท ุณูุง ร
509	ุงุตูู ุฏุงูุฑ ุงุนูู ูู ุญุณุงุจ ุจุงูุจุงู	<Media omitted>
510	ุฑุณุงุงุงุงู ุงุงุงู๐๐๐๐ค	ุนูุฏูุง ูุฏุชูู
511	ุงูุง ู ุฏุงูุฑ ููู ูุณูุณูุงุช๐๐๐๐ค	<Media omitted>
512	ุงูุง ุงูููููุฉ ููู	<Media omitted>
513	ูุงู ูุณุงุงุงุญู	ุงู ุถูู ุฒููุชู
514	<Media omitted>	<Media omitted>
515	ูุงููู ุชุฌู ุชููู ุงููุฒููุงูู ุฌุฏุงุฏ ุจุณ	ุจุนุชุจุฑ ููุณู ูุง ุดูุชู
516	ุฏุณูุณ	ุงูุฌู
517	ุจูุงู ุฏู ุดูู	<Media omitted>
518	๐๐๐๐๐๐๐	<Media omitted>
519	ุงูุง ูุงููู	+
520	ุนุฑูุชูู	ูุงุดู ูุฑูุจ ูู ุจุฑุฌ mtn ุงูุฌูุจูุง ุฏู ุฒุงุช
521	ูุฎูุท ููู ููุงู๐๐๐๐ค	ุนูู ุงูุงูู ูุฏูุนู ุงูุฏูู
522	ุจุชููู ูุน ุงูุฑุฌุงู ุจุณ๐๐๐๐ค	<Media omitted>
523	ุนููู ุฏููููู๐๐พโโ๏ธ๐๐พโโ๏ธ	<Media omitted>
524	ูุด ููุชูู ุจูุงุงุงุชูู ู ุฏุณูุณุงุช๐๐๐๐ค	ูุฏููุฒุฒ
525	ุจุฑุถููู ูู ุชูุงููู	<Media omitted>
526	ูุงุณ ููู + ุนุจุฑู ููู	ูุน ุงููุทุฑุฒุฒ
527	ุจูุงู ูุณุน ูุนุฏ ููููู ุฒุงููุฌู ู ุฏุณูุณู	ุฑุงุฌููุง ุฌูุชู
528	๐๐๐๐๐๐ค	*ุฌุงู
529	<Media omitted>	ุงูุช ูู ูู ุฌุงุชู ุงููุฑู ุจูุถุญ ุฃูุชุฑ ููู
530	ุงุตูุง ุงูุง ูู ุฒูุงู ูุฏุง	ุดุญู ุดุฏุงุช ุจุจุฌู ูุชููุฑ
531	๐ธ	ุจุงูุชููู
532	Family mix ุฏู ุดูู	<Media omitted>
533	ุงูุง ููุงููู	ุฏุณูุฒุฒ
534	ููุฑู๐	<Media omitted>
535	ุงูุฎุจุฑ ุดูู	ุฏู ุฏุจู ููุง ุชุงููู
536	ุทูุจ ุฌุฏูุฏู	ุงุณูุนูู ูุฒูุช ููุณููุฑ ูุญุฏู ูู
537	ูููุง ูุฏุง	ูุง ุนุฑู๐น๐น
538	ูุงูุนูู ูุงุดู ููู	ุฏุณูุฒุฒ
539	ุงููู ูุนูููู ุจุณ	<Media omitted>
540	ุชููุช ุงูุดุบู ุฎูุงุต	ููู ูุง ุจุดุฑ
541	ุงุจุฏุงุงุงุน ูุงููู	ุงุตุจุฑ ูุทูุน ูู ุงููุญุงุถุฑู
542	ูุงุณ ููู	<Media omitted>
543	ูุทููู ุฑุณุจุช ูุชุงูู ุงูุช ุจุชุนุฑู ููู	ุทูุณ
544	ุฌูุจ ุงูุงุณู	ุฏู  as ุชุงุจุน ูู ุงุชุตุงูุงุช ุงูุณุนูุฏูุฉ
545	ูู ูุฑูุง ุฌุงุจุช	ุงู
546	ูุงู ุชุงุงูู	ูู ูุง ุณูุงุฏูู ุงููุฏ ูุง ุญูุฌุฑ
547	ุงููู ูุจุงุฑู ูู	ุฏู ุจุชุงุน ุทูุณ
548	ุชูุงู	ุฏู ููู
549	ุงุฏููู ููููู	<Media omitted>
550	Marfa.vcf (file attached)	ููู ูุง ุฒูู
551	ุดูุช ุงุงุงู	ุงูุงุฎุจุงุฑ
552	ุจุชุงุงุนุช ุงูุชููููุุ	<Media omitted>
553	๐๐๐๐๐๐ค	<Media omitted>
554	ุดูู ู	<Media omitted>
556	๐๐๐๐๐๐ค	<Media omitted>
557	ุงูุง ูุตูุชุง๐๐ค	<Media omitted>
558	ูุฏุงุงุงู	<Media omitted>
559	<Media omitted>	ุบูุฌุช ุจููุง ุจุฑุงู
560	ุงูููู ุฎูุงุงุงุต ุงุญุฏู ู ูุฌูู๐ค	<Media omitted>
561	+ ุงูุช ุญุถุฑุชูู	<Media omitted>
562	ุงูุง ุญุถุฑุงูููุุ	<Media omitted>
563	ููู ูููู ูู ููุณู	<Media omitted>
564	ูุงุงุงุฎ ุจุฑูู ุจุงุฏ ุงูุง ุจูุฒููู ุจุฑุงุงูุง	ุนุทุงูู ุตุญู ุตุญู
565	ููู ุจุนุฏ ุงุฏุฎู ุงูุฌุงูุนุฉ๐๐๐๐ค	<Media omitted>
566	ุงุงุงู	ุถุงูุช ุฒุงุชู ุนุงุทู
567	<Media omitted>	ุงูุช ุฒุงุชู
568	ุจุชุงุงุน ุดูู ุงู cv ุฏู	<Media omitted>
569	ุงูููู ูุนูุงูุง ููุญูุง ุจุฑุถูู ูุนูู ููุง ููู	ุฒู ุดูู
570	ุธุท ุฎูุงุงุต๐๐๐ค	<Media omitted>
571	๐๐๐๐ค	<Media omitted>
572	ูุฑูุต ุดูู ููู ุดูู	ุงุฑูุต
573	ุงูุฌู ููุง ุงูููุณูุงุช	ูู ุงูุช ููุซุฑ ูู ุจูุงุช ุงูุงูููู ููุง ูุง ูู
574	ููุง ูููู ุทูุจ	<Media omitted>
575	ุฒุงููุฌู๐๐๐๐๐๐ค	<Media omitted>
576	ููููู ูููุช ุญุณุงุจ ูู ููู	ุงูุช ุนููุงู
577	ุฏู ููู	ุทุงูุน ูู ุงูุบูุฌู ูุง ุฒูู๐๐
578	.	<Media omitted>
579	.	ุงู
580	ูุฏู ููู ููุงู	<Media omitted>
581	ุงููุง	<Media omitted>
582	ูุฑููู ุงูููุดุฉ ุฏู ููู ุนุดุงู ุงูุง ุฒุงุชู ุฏุงูุฑ๐	ูุงูุง ูุงุงู๐๐
583	ูุนุฑุต๐๐๐๐ช๐ช๐ช	ูู ุงุณุจูุชูุงู ููุง ููู
584	ุงุงุงุงู๐๐๐ค	ุตูู
585	ูุญููุง ููู	ุงูุง ูุดูุช ุฌุงุณูุช ูู ุญุณุงุจ ุงุณุจูุชูุงู ุจุนุฏุงู
586	๐๐๐๐๐ค	<Media omitted>
587	ุงุณูุนูู ูุฏุง ุนุฒูู ุจูููุงุช ุชูุฌุฑุงู ุฏุณูุณู	ููู ูุฏุง ูุฏุง ูุงุนุฏ ูุณูุน ุจุฑูุฏูุงุณุช
588	ุงูููู ุงูุง ุฏุงูุฑ ูู ูููุงุช	$
589	ุงูููู ุงู ูููุงุช ูู ุชูุฌุฑุงู	<Media omitted>
590	ู ูุณู ุงูุง ููุงุฉ ูุงุญุฏุฉ ู ุนูุฏู ูููุง๐๐๐๐ช๐ช	<Media omitted>
591	ุฑุณู ูู ุฑูุงุจุทูู	ุงูุงููุฑ ูุงูุตุญู
592	ุฌุฏูุฏ๐๐๐๐ค	ุตูุต
593	ุงููุฏูู ู ุนุงุงุฑููู ูุดู ููู	ุงูุงููุงู ุงูุฒู ุฏู ุจุฐุงุช ูุงูุฏููุง ูุจุดุฏู
594	+ุงููุฏูู ูุงู ููููู ูููุงุช	<Media omitted>
595	๐	ุฃุนูู
596	ุงูุง ุฒุงุชู ุฏุงูุฑ ุงุชุนูู ููู ูู ููู ูุงูู	<Media omitted>
597	ุงุงุงุงุน ููู ู๐๐ค	ุจุนุฏ ุงูุชูู ูู ุงูุงูุชุญุงูุงุช
598	ุงุณูุนูู	ุฎูู ุงูููุงุด ูุง ุชูุณุญ ุงู ุญุงุฌู
599	ุงูุง ู ุชูุจุฑูู ุฌุงุงุงููู ููู ุงูุฌูุนู	<Media omitted>
600	ุงูุจูุช	ุดูู ูุงุจ ูุจู ุงูููู ูุง ุชูุณุญ
601	ุนุฌููุง ุงูุฌูู ูู ููู ุงูุณุจุช ุฒุงุชููู๐๐๐๐๐ค	ุงูุชุญ vpn ูุงุฏุฎู www.PayPal.com  ูุณุฌู
602	ูุงูุง ูุงู ุฒูู	<Media omitted>
603	ุงููููู	ูุฏุงุงู
604	๐๐๐๐๐ค	ุจูุงู
605	ุจุชุงุน ุดูู	<Media omitted>
606	ุฑูุต ุดูู	ุงูุฎุงูู
607	ุงุงุงุง ุงูุฌูุง ุงูุช ุนุจุฑุช ููู๐๐๐๐๐ค	<Media omitted>
608	ู ุญูู	ุตุญุจู
609	ุงููููู	<Media omitted>
610	ู ุฒููู ูููู ุงูุดุงุกุงููู	ุฏู ูู ุฒุงุชู ูุง ุนุฑูุชู
611	ูููุณ ูุงููู๐๐	ูุงุนุฏ ูุฎูุท
612	ุงูุดุงุกุงููู	ุงููุฑู ูุงุถุญู
613	+ ุงุฎููู ุดุงุงุชููููู ูู ุงูุชูุฏูู	<Media omitted>
614	ุงุงุงู ูุงููุน	ุฏุงุฎููู ุงูุจูุงุช ูุฑุงูุง ุทูุงูู
615	ู	ุฏุงููุง ูุงุดู ูุฌุงู
616	ููุงุงุฑุฉ ุจุชุงุงุนุช ุดูู ู ุฒููู	ุงู
617	ูู ุชูุฏูู ุชุงุงูู ูุนููุุ	<Media omitted>
618	ูููุณ	ุงููุงุณ ุฏูู ุนุจุฑู ูุง ุฒูู
619	<Media omitted>	<Media omitted>
620	ุงุงุงุงุน ููู ู๐๐๐๐ค	ุจูุงู
621	ูุงูุง ูุงุงุงุง๐๐๐๐	ุฃูุชุฑ ุฒูู ุฒุงููุฌู ูุงูุนู ูุนุงู
622	ุดูู ุฏู	<Media omitted>
623	ูููุง ูุฏุง	<Media omitted>
624	<Media omitted>	ุจููุช ุจุชุงุน ุจุฑุงุนู
625	<Media omitted>	<Media omitted>
626	ุดูู	<Media omitted>
627	ูุงููู ู ุนุงุงุฑู๐๐๐ค	<Media omitted>
628	<Media omitted>	ุญุณุงุจ ุงุณุจูุชูุงู ุนุงุฆูู
629	ุฌูุณุชุง๐๐	<Media omitted>
630	ููููููุงุงุงุงุงุงุงููููููููู๐๐๐๐ค	ุชุจูู
631	ุงููุฑุฉ ุงูุฌุงูุฉ ุจุณ๐๐๐๐ค	ุฒููู
632	ููู๐๐๐๐ค	ุนูุฌู ูุงูู
633	ูุตุฏู ูุนุฏ ุชุชููู ูู ุงููุงุชุณ ูุชูุฑ	ุฏุจุฑุณู ุจุณ
634	ุชุณุชุงูู ู ุฒููู ุนุดุงุงู ุชุงุงูู ู ุชูุฑุท	ูุดูู ุงูุงูุชุญุงูุงุช ููุณู ูุบููู ูููู
635	ุงุตูู ุดูู ุจุฑุงู ูุฏุง๐๐พโโ	ูุงุนุฏูู ุณุงู
636	<Media omitted>	ุงู๐
637	ุงุตูููู ู ูููู ููู ูุงููู๐ญ๐ญ๐ญ๐ญ๐ค	ุดูุฑุงุงุงุงุงุงุงุง
638	ุนุฒูุง ูุนุงุงู ูุงูู๐ช	ุงูุฌูุงุนู ุงุฎุจุงุฑูู ุดูู
639	ู ุนูุฏู ูุงููู	ูุทู ูุงูุฌูุงุนู
640	ุจูุงู ุจูู ุจุณ ุนูุฏู ูุฑูุจ ุชูุงุชู	<Media omitted>
641	ููู ุงูููุงู ุฏู	ุจููู ุงูุฌูุณ
642	ูููู ุดูู	ูุงูุจููู
643	ูุฒูุช ููููู ุดูู ุฒู ุฏู	<Media omitted>
644	ุงู vps	ุงูู ูุจุฑูู
645	ุฒู ุดูู ูุดูู	ุจุงุฑู ูููุง ุงูุง ูุง ุนูุฏู ุฑูููุง
646	ูุณุน ููุณู ุฐุงูุฑุชู ุฏู ูุฒููู	<Media omitted>
647	ุงููููู	<Media omitted>
648	ูุนูุงูุง ุฑูุถุงู ุนุฒูุชูุง ุนุฏููู ูุฏุง๐๐๐๐ค	<Media omitted>
649	๐๐๐๐ค	Pc
650	ููุง ู ุชูุณููู ุงู ูููุงุช ุงู vps	ุจุงุฑู ูููุง ู ุฃูุณุฑ ุงูุญูู
651	ุงุฑุญ	<Media omitted>
652	ุงุญุดู ุฒุงุงุงุชููู	ุงูุฒูู ูุงุฎูุฑุง ุฏุงูุฑ ูุบุงุฏุฑ ุฒุงููุฌู
653	ุงูุง ุทูุจ ุฌูุจ ุงูุฌุฏูุฏ๐๐๐๐ช๐ช๐ช๐ช	ุงู
654	ุงูููู ูููุณ	ูุณู ูู ุงูุนุฑุจูู
655	ุชุญุฑุด ู ูุจูุฑ๐๐๐๐ค	<Media omitted>
656	ุงูุณุงู ูููู ุดุฏูุฏ๐๐๐ค	<Media omitted>
657	ูุด๐๐๐ค	ุฌูุง ุงูุฌู
658	ูุงููุฒูู ูุชูู	ุดูู ุงูุช ูุง ุธุงูุฑ
659	ุงูุณุงุนุฉ ูู ููู๐๐๐ค	<Media omitted>
660	ุงุญุดูู ู๐๐๐ค	ุงู
661	ุชูุงู	Full metal ุฏู ุญุถุฑุงู
662	ุจูุฒููู ูู ุงูุงุณุชูุฑู ููุง ููู	ููู ุนูุฏู ููู  ุญููู ุจุณ
663	ุชูุงู	ุงูุง brekin bad ุฏู ููุณููู
664	ูุงููู ุทููุช ู ุงุดุชุบูุช ุจูููู	<Media omitted>
665	ููุชุธุฑ ูุชูุฌุฉ ุงูุดูุงุฏุฉ ุจุณ	ูุฏุงุงู
666	ูุงูุง๐๐๐ค	<Media omitted>
667	ูุงูุง๐๐๐ค	ูู ุฏุงูุฑ ุชูุฏู ููุง ุฃู ุญุงุฌู
668	ุงูุง ุงูุฎุจุฑ ุดูู๐๐๐ค	<Media omitted>
669	ูุน ูููู ูุน ุงูุงูุทุงุฑ	ุจุนุฏ ูุง ุชุฏุฎู ุงูุฌุงูุนู
670	ุงูููู	<Media omitted>
671	ููุฑู	<Media omitted>
672	ุดูู ู ูุงู	ุฃุฑูุต
673	ุฌุฏูุฏุงุชู ุดูู ุจูุงุงุงู	<Media omitted>
674	ู ุฒููู ุงููู ูุนููู ู	ุฒูู ุงูููู ูุตู
675	ู ููุฑู	ุงูุดู ุงุฎูุท ุงูุง ุจูุด ุจููู
676	ุงูุง ููู ุงูููุงุฐุฌุุ	<Media omitted>
677	<Media omitted>	ุฏู ุฃูุณูุฑ
678	๐ฅ๐ฅ๐ฅ๐ฅ	ุจุช ุงูุฎุฑุทูู
679	ุงูุง ุจูุฑุฉ ุงูุฒูู ุฏู ุญุชูููู ูู ุชุฑููุง๐๐๐โ	<Media omitted>
680	ู ุฒูููู ุฑุจูุง ููุตูู ุจุงูุณูุงุงุงูุฉ ุจุณ	ูู ุงูููุดู
681	ุงูุง ุงูุฌุฏูุฏ ุดูู ุจูุงุงุงู	ููุดู ุญู ุงูุณูุงู
682	ููููู ูุนูู ุงูุง ุจุฑุถูู ูุงุฒู ุงูุชุจ ุฎุทุงุจ ุงูุชูุตูุฉ ุจุงูุงูุฌููุฒู๐	<Media omitted>
683	ุงุญูุฏ ูุจุงุฑู ูุฑุญ ุฏู ุจุชุนุฑูููุุ	<Media omitted>
684	ุงุงุงู ๐	ููุดู ุธุงุจุทู ุตุญ  ๐
685	ุฒู ุจุนุฑููู ุงูุง	ุดุงุฑุน ุงูุณูุงู ุฌููุจ ุจุงูุฎูุง
686	ุงููู ุธุงุงุจุท ู ูุงู	<Media omitted>
687	ูุงูุง ูุฑูุช ูุนุงูู ูู ูุงุดุง + ูู ุจุฑุถูู ูุฏู ููููุญุฉุุ	ุฏู ูุฏููู ุนุฏูุช ูู ุงูุจูุฑุช ุจุณ ูููุชู ุฒุจุท ุจุฌุฑ ูููุงุช ููู ููููู
688	ูู ุงูุฎุทุงุจ ุฏู ุดุงูู ูุงู ุงูุงูููู ุจุชุงุงุน ุงูุงุณุชุงุฐุุ	<Media omitted>
689	ุงููุง	ุฒู ุดูู ูุฏุง
690	ููุชูู ๐ ๐ โ	ุจุชุงุน ุดูู ูุตุฏู
691	ููุง ุนูุจุงุงู ุงุฎููู ููุฏู ูููุจูููู๐๐๐โ	ุงูุช ุณูุฑุงู ูุง ุฒูู ุชูุฌุฑุงู ููู ูููุงุช ๐๐
692	ุงูุดุงุกุงููู	<Media omitted>
693	<Media omitted>	<Media omitted>
694	ุงุงุงู ูุงููู ๐	ุดุบุงู ุจู ุฏูู
695	ุงููู ูุจุงุงุฑู ููู ู	<Media omitted>
696	ุธุท๐ฅ	<Media omitted>
697	ู ูุงู	<Media omitted>
698	ุงููููุฑ	ููู ุณูุชูู
699	ูุงูุง ุธุงุงุจุท	<Media omitted>
700	ู ูุงู	ูู ุดุงุฑุน ุงูููู ููุง ุงูุจูุช
701	ุงุณูุนูู ุฎุทุงุจ ุงูููู ุฏู ุจุญุชุงุฌ ูู ููุฏูุฉ ุฒู ุฎุทุงุจ ุงูุชูุตูุฉ ููุง ุชุฎุด ูู ุงูููุถููุน ุทูุงุงููุุ	ุนูุฏูุง ููู ุงูุฌูุนู ูุนุฏู ูุน ุงูุฏูุนู ุงูุฌุงูุนู ูู ุดุงุฑุน ุงูููู
702	ูุนูู ุฒู ุชุจุฏุฃ ุจุจุณู ุงููู ุงู ู ุดุงุจู ุฐููุุ	<Media omitted>
703	ุญุจูุจู ูุงููู ๐ ๐ฅ๐ฅโ	ุงููููู ููู
704	ุฎูุงุงุงุต ุธุงุงุจุท ู ูุงู๐๐ฅ๐ค	<Media omitted>
705	ุงูุง ุงูุช ูููู ูููู ุงูุงูุถุงุงุน ููุงุงู	ุฑูุต
706	ูุงูุง ุธุงุงุจุท	<Media omitted>
707	ุงูุง ูุณุน ุตุงุงุจููุง ูู ุงูุณูู ูุดุุ	ุชุทููุฑ ููุงูุน ุฃูุชุฑูุช
708	ููุดูุช ูุดูุช ููุฌุงูุนุฉ ูุงูุญุงุฌุงุช ุฏู ูููุง	ุฏู ูุฒุงุฑ
709	ุญุถุฑุงุงูุฉ ุตุญ๐๐๐โ	ุชุทูุฑ ุจูุบู HTML
710	ุงุงุงู ุตูุฑูุง ูููุง ููุฏุง ุตูุฑ ูููุง ุงูุณูู ูู ุธุงุงุจุท๐๐โ	ุจุฏุฑู ๐๐
711	ููู๐๐๐พโโ๏ธ	ุฃููู ูุงุงุฎู ูุงู ุดุงุก ุงููู ูููุง ูุทูุน ูู ุงูุจูุฏ ุฏู
712	ูุนูู ุงูุณูู ู ุฌูุง ุงููุฏููุฉ!ุุ	ูุงูุง ูุงุงุงู
713	ุงูุณูุชุฑ ุจุชุงุงุน ุงููุฏููุฉ ูุนููุุ	ูุงุฎู ููุงุฑู ูุงููู
714	๐ ๐ ๐ โ	ูุฏู ุชุงูู ูุง ุฒูู
715	ุจููุณู	ูุงูู ูุดููู ุชุงูู ุจุณ ูุง ูุฑุฏู
716	ุงูุช ูู ุงูุฌุงูุจ ุงูุงุณููู ููุง ุดูู๐๐ญ๐๐ญ๐โ	ุฎุงุต
717	ูููุณ ูุงููู ๐	ุงูุดู ุงูุนุงุตูู
718	ูุฏููุชู ุฏู ุงูุง ุงุจุญุซ ุนููุง๐๐โ	<Media omitted>
719	๐ ๐	ุฏู ูู ุฑูุนุชุง ูู ุงูุญุงูู ูู ูุงุณ ุจุชุฌู
720	ุงูุง ูุจุชุจุฏุฃ ุงูุฏุฑุงุณุฉ ูุชูู	<Media omitted>
721	ุฏุฑุงุณุฉ ูุบุฉ ููุง ุฌุงูุนุฉ ุนุฏูููุุ	ุฏู ุฒุงุชูุง ุนุงููู ูุฑูุจู
722	ุญููู ูุงููู	<Media omitted>
723	ูุฑู ุงูุฒูู ุจููุง ูุจูููู ูู ุณุงุงุนูุุ	<Media omitted>
724	ููู๐	ุนุฏู ุดุบูู
725	ูุนูู ูุงู ูุฑู๐๐โ	ููู ุจุณ
726	ุงุงู	<Media omitted>
727	ูุนูู ุงููุฑู ุณุงุนุชูู ููุต	ุญูู ููุฏูููุงุช ุงูุงุญูุงุฏ ูุฌุณ ุจููู ูุงุณ ูุฏุง ๐
728	ุงููู ุชูุงู	F
729	ุชุญุถุฑ ุงูุฎุทุจุฉ ุจุฌุงุงู ูุชูุดู ุงูุจุงุงุฑ ุจููุงุงู ๐๐๐โ	<Media omitted>
730	ูููุงุงุงุงุช ๐ฅ๐โ	ุงููุฏ ุงูุดุงูู ูู ุงูุงุญูุงุฏ ุนูู ุดูู ๐
731	ู ูุงู ุงุณูุนูู	<Media omitted>
732	ุงูุดูุงุฏุฉ ูุงุฒู ุชุชูุซู ููุง ุชูุฏู ุณุงุงู ูู ุฏููู ุชูุซูููุุ	ุทูุดููู ุงูุฌูุงุนู๐
733	ูุนูู ุงููุจูุง ุงูุฌููุฒู ูุจุณโ	ุฏู ูููู ูู ุงููุงุชุณ ุงููุชูุฑ
734	ุงููู ุธุงุงุจุท	ุงู ุงุณุจูุน ุฒูู ูุณูุช ุงููุฑูุฒ ุงูุซุงูู ุนูุฏู ุงุฑุจุนู ููู ูุง ุดูุช ุงููุช
735	ููู ุงูุงูุถู ุชุชููุจ ุงูุฌููุฒู	ุจุนุฏุงู ุงูุณู ุงูุฌูุฏ
736	ุงูุช ู ููุจุชูุง ุงูุฌููุฒูุุ	<Media omitted>
737	ูุทูุจ ูุงูู๐๐	ูุงุงุง....
738	<Media omitted>	ุฌูุจ ุงูุณุชุฑูู
739	<Media omitted>	ูุงุจ ููุง
740	<Media omitted>	ุจู
741	<Media omitted>	ูุฑุจ ูุนูู
742	ู ุงุณูุนูู ุฎุทุงุจ ุงูููุฉ ุฏู ุจุฑุถูู ูุงุฒู ูููู ูู ุดูู pdf?	ุจุงููุณุจู
743	ููู ูุนูู	<Media omitted>
744	ุงุตูุง ุฎุทุงุจุงุช ุงูุชูุตูุฉ ุนููุชูู pdf ุจุณ ูุถู ุฎุทุงุจ ุงูููู	ุงููู
745	ุจุชุฌุฏุฏูุง ุจุนุฏ ููุุ ๐	<Media omitted>
746	ุชูุงู	ุงูุจุงูู ุจุดุชุบู ุจููู ูุดุงุฑูุน ู ุฒูู
747	ุงููุง	ูุชุงุฑ
748	ุณูุงุงุงูู ูุงู ุฒูููู ๐ โ	<Media omitted>
749	ุฏู ุบุฑูุชูุุ ๐	<Media omitted>
750	ุธุงุงุจุทุฉ ูุงููู	ุงุฑุญ ุงูุชูู
751	<Media omitted>	Telegram
752	ุงุงุงู๐๐โ	ูููุช ูู ุงุฒู ุงูุณ
753	<Media omitted>	<Media omitted>
754	ุงูููู	<Media omitted>
755	ูููุช ุญุงุงุฌุฉ๐๐๐๐๐ฝโโ๏ธ	ูุงูู
756	<Media omitted>	<Media omitted>
757	ุงุงุงู ุงุงุงู ๐ ๐ ๐	ุฏู ุจุชุงุน ุฌุฑูุงูุงุช ุณุงู
758	<Media omitted>	ูุงูู  ุงููููู ููู ูุง ุดุงููู ูู ูุชูููุณ ๐๐
759	ุงู ุตุญ	ูุง ุนุงุฑู
760	๐๐๐โ	<Media omitted>
761	ุงูุง ุงูุจูุฏ ุฏููู ูุงุดุฉ ูุนุงุงู ููู	ุฌูููุฑูุฉ ุฃุจู ุงูุฃูุฒุงู ๐น๐ท
762	ู ุจุชุจูุน๐๐๐โ	ุฏู ุทุงูุจ ูู ุชุฑููุง ุจูุฒู ููุงุนูุฏ ูุชุญ ูููู ุงูุชุณุฌูู ุดููู ูุงูุนุฌุจู ุฃุนูู ูููู ุจุญุซ ูุชุนุงู ููุชุด ุงูุงุณุนุงุฑ ููู
763	ููู ุงูููุฒุฉ ุงู ูู ุงูุญูู๐๐โ	ูู ุงูุชูุฌุฑุงู
764	ูุงูุง ูุงุงุงูู ูุงููู ๐	httpst.memazendorra
765	ุงุณูุนูู ุงูุช ุจุชููู ูุงุถู ูุชููุุ	ุงุนุฏุงุฏุงุช ุงูุฏููุฏ ุงูุดุบุงูู ูุนุงู ูููุณ ูู ูู
766	ุฎูุงุงุงุงุต ุธุงุงุงุจุท	ุงูููุถูุน ุฏุงู ุนููุช ูููู ุดูู
767	ุฏุงูุฑู ุชูุฏู ูู ุงูุง ูุตุญุจู ูููุญุฉ ุชุฑููุงุุุ	ูู ุบูุฌู ุชุงููู ููุง ุดูู ๐
768	ุฎูุงุงุงุงุต ููุชูู	ูุตุฏู ุงููุนุช ุงูุงูู
769	ูุฏุง ุงูุง ุจุนูููู pdf ูุจุฑุณููู	๐
770	ุฒููู๐ค	ูุฑููุณูู
771	ู ููุฑู	ุจุงูุฒูู ุจุณ
772	ุงุงุงู	httpsyoutu.bezHbUZrg
773	<Media omitted>	ููุฏู
774	<Media omitted>	ูุงุนุฏ
775	<Media omitted>	ุญูุฑ ุจุณ
776	<Media omitted>	<Media omitted>
777	<Media omitted>	ุฃููู ูุงุฑุจ
778	<Media omitted>	ุฌุฏูุฏู
779	This message was deleted	ุชุจู
780	<Media omitted>	<Media omitted>
781	<Media omitted>	<Media omitted>
782	ุงูุดูุงุฏุงุช ุฏูู ูุดู ุงูุถุญ ูุงุญุฏุฉ ููุฏู ุจููุง	<Media omitted>
783	<Media omitted>	<Media omitted>
784	Mujtabamohmmed@gmail.com	<Media omitted>
785	mustafamustafa ุฏู ูููุฉ ุงูุณุฑ	ุงู ุดุงุก ุงููู
786	ุตูุฑุฉ ู ุจุชููุน ูุนูู ูุงูู ุงูุดูุงุฏุฉ ู ูุนุงุงู ูุงููู	ุงูููู ูุง ุฑุจ
787	ุชูุงู	ุฌุงู ุญู ูุฑุญ๐๐
788	ูุฏู ุฏูููุฉ ูุดูููู	ุฏู ูุงู ูุดูุช ุทูุนุช ูุนุงู ุงูุฎุทุงุจุงุช ุณูุง ๐
789	<Media omitted>	ุจุงูุนุฑุจู ุจุฑุถู ูุง ูุดููู
790	<Media omitted>	ูุฑูุช ูุนุงู ุงูุงุณุงุณ ูู ุงุฏู ุฏูุน ุงููู
791	ุงุณุชูู ู ูุงู	ูู ูุฏูุฑ ูุณู ุจููู ูุงูู ุจููุงุชู ูู ุงููููุน ุญู ุงูุฌุงูุนู ุนุดุงู ูุฏุฉ ูุงูู ุฏุงุนู
792	ูู ุงูุดูุงุฏุฉ ููุฌููุฏ	ุงู ูููู ๐
793	<Media omitted>	<Media omitted>
794	ุฏู ุชุนุฏูู ูุฎุทุงุจ ุงูููุฉ	ุจุงูุชูููู๐ฟ๐ฅ
795	ุงุงู ูุงูุช ุงุฎุทุงุก ุงููุงุฆูุฉ ุจุณโ	ูุง ุจุดุฑ ุฌุงูุนู ุงูุณูุฏุงู ุนุฏููู
796	ุงูุง ู ูุงู ุชููุช ุงูุดุบูุุ	ุงูู ูุจุฑูููููู
797	<Media omitted>	๐ฅ๐ฅ๐ฅ๐ฅ
798	<Media omitted>	ูุฏุงุงุงู ูุง ูุงู
799	ุงูุง ู ูููุช ุงูุชุุ	ููุงุงุง
800	ุชููุช ุงูุชูุฏูู ุฎูุงุงุตุุุ	ูุงู ูุนุจ
801	ู ุฎุดูุช ุงูุชูุบุฑุงู ุงูุง	ุงููู
802	ุงูุง ุงูุช ุฒูู ุชุงูู ุชูุฏูู ูู ููุฏ ุฏูุุ	<Media omitted>
803	ุนูุฏู**	<Media omitted>
804	ูุงู ุญุงุฌู ุฌุงุชูู ูู ุงูุชูุฌุฑุงู	<Media omitted>
805	๐ ๐ ๐	ุงู
806	ุงุงุงู ๐	<Media omitted>
807	<Media omitted>	ุงูุณูู ุงุณูุงูู
808	<Media omitted>	ุงุญูุง ูู ูุงุฏู ูุงูุดุงุฑุน ูู ูุงุฏู
809	ุจุณ ูุชุฑุช ูู ุนูู ุงูุงุญุจุงุก	ูู ุงููุฑูุฒ
810	ู	<Media omitted>
811	<Media omitted>	ุงู
812	<Media omitted>	Bilecik
813	๐๐๐๐	<Media omitted>
814	ุนูู ููุฑู ุดูุฑ ุนูู ุงูููุงู ุงูููุชู ูู ูุฑุงู ุจุณ ุงูุญู ูุง ุนููู ุงูุญู ุนูู ุงูุง ุงููุฅุชูููุฉู ูุน ุงููุฃูุดูุงุงู ุฃูููุฒูู ุฏูููู ููุชู ูุฃููุฑู ุฒูู ุจุชุญูุธ ุงูุฃูุณุฑุฃูุฑ ุจุณ ุทูุนุชู ูุงุญุฏ ุนูุฏู ููุต ูุงูุงุดูุงู ุงูุฒูู ุฏููู ูุง ุจุชูุงุณุจูู ุฏู ููุทุน ูู ูุณูุณูู ุณุชุนุฑุถ ูู ุฑูุถุงู ูู ุณูุฉู ูุงูุช ุทูุจ ูููุฃู ูููุฃู ูุนูู ุงุนูููุฃู ูู ุงุตุญุงุงุจู ููุฃูุญุฑู ุฏููู ุฒู ูุง ุฅูุญุฑู ุฏูู ูุฏูู	ูุจ
815	<Media omitted>	ุฏูููู ูู ุงูุณุงุญู ูุณุงุนุชูู ูู ุงูุฌุงูุจ ุงูุฃูุฑุจู
816	ู ูุงู	<Media omitted>
817	ุงูุงุฎุจุงุงุงุฑ	<Media omitted>
818	ุจุชุนูููู ููู ุดูู	ุงูุงุญุฏ
819	ูุงูุง ุธุงุงุจุท	<Media omitted>
820	ุงููุง	ูุบู
821	ูุงููู ุงูุงุงููู ู	<Media omitted>
822	ุงูุฌูุง ุจูู ุญูููู ููู๐๐๐๐โ	ุดุบุงููู ุจุงูุชูููุช ุงููุฏูู
823	ุงุณูุนูู ุงูุช ุณุฑ ุงูุงุญูุฑ ุดูู๐๐๐๐โ	๐๐
824	ูุนูููููุฉ ุงูุตูุฏู ุฏู ูุชูุฑุฉ ุฒู ุฏู๐๐๐๐โ	ุงูุตุจุญ ุงูุณุงุนู ุณุจุนู ููุต
825	<Media omitted>	ุงูุฒูู ูุงุญุฏ ููู ุงูุชูููุช ุจุฎุชูู
826	ูููุง ุนูุฏูุง ููููู ูุฎุฒู ุจุงูุดูุงุงูุงุงุช	ููุงู ุงูุตุจุญ ุงูุณุงุนู ุฎูุณู ููุง ุณุจุนู ููุต
827	<Media omitted>	ุชูุฑูุจุง ๐ฟ
828	ุณุนุฑ ุงูููุณ ุงููุงุญุฏ ููุงุงู ุญุฌูุจ ููู ููุง ูู ูููุฉ ูุฏุง๐๐๐โ	<Media omitted>
829	ุงูุฏููุงุงุฑ ููุง ุจุฌููุจ ููู ุงุฑุจุนู ุงุถุนุงุงู ุงูููุณ ุฏู	<Media omitted>
830	ุงุงุงู ูุงููู ๐	<Media omitted>
831	<Media omitted>	ุนุฑูุช ููู
832	ุฒุนูุงุงุงู ุจุณ ุงูุง๐๐๐โ	<Media omitted>
833	ู ูููู ูููู ูุจุณููุทูู ูู ุฌููุน ุงูููุงุงุญู	ุจุฑุถู ูุงูู ุฏุงุนู
834	ูุฒูุฑุฉ ูุฒุฉ ูุนุงุฆูุงุช ูุจุณุจููุทุฉ ููุฏุง	ูุง ุนุงุฑู
835	<Media omitted>	<Media omitted>
836	ุฌุงูุนุชูู ูุฎุทูุชุฉ	ููุจุชูุง
837	<Media omitted>	<Media omitted>
838	ูุงูุช ูุนุฑููู ูุณููุฏุงูู ุฒููู ุทูุฉ ุจุณ	ุงููุบู ุงูุนุฑุจูุฉ ูุง ูุนุชูุฏู ูุนูู ุ
839	ุงุงุงู	<Media omitted>
840	<Media omitted>	ูููู pdf ูุด ุฎุทุงุจ ุงูููู ุจุฑุงูุง
841	ูุงููู ุฏู ุงูุฏููุง ู ุจูุงุงุงุงุด๐๐๐โ	ุงุนูููุง ุจุฑุถู
842	ูุณุน ุดุบุงููู ูุญุงุถุฑุงุช ุจุชุงุงุนุช ูุบุฉ ููุง ูุญุงุถุฑุงุช ุจุชุงุงุนุช ุงูุฌุงูุนุฉ ุนุฏููู	ุงูุฅูุงูู  ุณููู ุชุฌุฏุฏูุง ูู ุณูู
843	ุงููุง	<Media omitted>
844	ุงูุง ุงููุบุฉ ุณุงููุฉ ููุงุตุนุจุฉุุ	ุงู
845	ุนููู ุฏูููู	<Media omitted>
846	ู ุญูู ูุน ุงูููุงุฑุณุฉ ุงููุชูุฑุฉ ุจุชูุดู ูุนุงุงู๐๐โ	ุจุงููู
847	ูุน ูุงู ุญููููู	<Media omitted>
848	ู ุจุชุนุฑู ุชุชููู ุงูุญุงุฌุงุงุช ุงูููููุฉ ุฒู ุชุณูู ูุชุฑุฏ ูุชุณุฃู ุนู ุงูุญุงุฌุฉ ุงูููุงุงููุฉุุ	ุงุนูู scan ูู ุงู ูุทุจุนู
849	ุงููุง ุงูููุงุนุฏ ูุนูู ุตุนุจุฉ ููุฏุฑุฌุฉ ุฏู	<Media omitted>
850	ุงูููุงุนุฏ ูุด ุจุนูููู ููู ุชุฑุจุท ุงูููุงุงู ููุฏุง ุตุญุุ	ูุฏุฑ ูุง ุญุงููุช ุงุตูู ุงูููู ูุง ูุฏุฑุช
851	<Media omitted>	ูุงูู
852	ุงููุง ูู ุงูุญุงุงูุฉ ุฏู ุตุนุจ๐๐โ	<Media omitted>
853	<Media omitted>	ุตุญ
854	ุนุตุจ๐ฅ๐ฅ๐ฅโ	<Media omitted>
855	<Media omitted>	<Media omitted>
856	ูุงู ุดู	ุฒู ุงูุนุณู ูู ุงูุญูู
857	ุงูุช ูุชูู ุฌุฑุจุช ุชุตูู ุจุฑุง๐๐๐โ	<Media omitted>
858	ุงูุงุฌูุงุก ุธุงุงุจุทุฉ ุดุฏูุฏ๐๐๐โ	ุจุชูุด ูุดู ุงูุฌู
859	ูุทูุจ ููู ูุจูู ูู ุงูุณูุฏุงู ุงุญูุง๐๐๐โ	ุธุท
860	ูุญู ุงุณุชูุงุงูุฉ	<Media omitted>
861	ููุฑุณ ุจุฑูุฌุฉุุ	ุงูุงู ุงูุณุจุช
862	ูุนูู ูุธุงู ุชุตูุน ุงูุนุงุจ ููุฏุงุุ	ุงูุญุงุตู ุดูู
863	ุงููุง	<Media omitted>
864	ุงุตูุงุช ุดูู ุฏูุุุ	ูุฏุงุงุงู
865	ุฏููููู ู ๐โโ๏ธ ๐ โ ๐ ๐ ๐	ู
866	ูุฑูุชูู ุดููู ุงุญุฏู ุชูุชุญูููุุ	ุงูุง ู ุฒููู
867	ุงูููู ูููุณ ูุงููู ุนุจุฑุชูู	ุฌูุฒุช
868	ุงูู ูุฑุฉ ุชุนูุด ุญุงุงูุฉ ุงูุนุฐุงุจุฉ ููุงุดูู๐๐๐๐	Gg
869	<Media omitted>	ุฑุณู
870	ุงููููู ุงูุงุณุชูุฑู ูููุน ููู๐๐โ	ุงุณูุงู ูุงุตูุฑู
871	ูู ุฌุฒุก ุชุงูู	ุฑุณููู ูู ุงูุชููุฑุงู
872	<Media omitted>	ููู ูููู ูุนูู ุงุณูุงู ูู ุงูุฑุจ ูุญู ูุง ุจูููู ุฏูููุชูู
873	ุงุฑุญ ุฎูููู ูุดููู ุงูุญุงุงุตู๐๐โ	You deleted this message
874	ุงูุชู ูู ุตุงุงูุฉ ููุงุดูู๐๐โ	You deleted this message
875	ููุนุงุงู ุณูุฏุงููููุุ	<Media omitted>
876	ุงููุง	ูููุชู
877	<Media omitted>	ุนุฏูุชู ุดุงูู ูููู ุงุฎุทุงุกุ
878	ุงููุง	ุฑูุนุช ุงู ุญุงุฌู ุจูู ุชุฑุชูุจ ุงูุฌุงูุนุงุช ูุงูููู
879	ูุดูู ุงูุจูุงุช ุจู ุฌูุฉ ูุงูุงููุงุฏ ุจุฌูุฉ๐โ	<Media omitted>
880	ุงุงุงู	ุจูู ุงููููุงุช
881	<Media omitted>	ุชููุชู ุงูุณ ูุง ูููุช ุงูุชูุงุตูู ูู ุงูุชูุฌุฑุงู
882	ุงููุง๐๐โ	<Media omitted>
883	ุฏู ูุงุญุฏ ูู ุงููุณุงููุช ูู ุงูุฌูููุฉ	ุตุญุจู
884	ุงุงุงู	<Media omitted>
885	ูุนูู ูู ุญุฑุจ ุงูุฌูููุฉ ุงูุงูุงุงู ุฏู	ุชุณูู
886	ุงูุญุฏููุฉ ูู ุงูุจุญุฑ ๐๐โ	<Media omitted>
887	ุงููุง	<Media omitted>
888	ูู ูู ๐	<Media omitted>
889	ุชุฑุง ุงููุฑูู ุฏุณูุณุฉ ููุงุงุงู ๐	<Media omitted>
890	ุดู ุงูุทุงุฑ ุฌูุงุนู ูุดู ุฑุญู ุจุชุงุนุช ูุฎููุงุช ูุญุงุฌุงุช ูุชูุฑู ๐โ	<Media omitted>
891	ูุนูู ุงููุฑููุงุช ุฏู ูููุง ุนุดุงุงู ุชุชุนูููู ุงููุบุฉ ูููุณ	ุฌูุจู
892	ุงูุง ุนุดุงู ุชุดูููู ุงูุจูุฏ ููุงุดููู	ุญูุฏ ููู
893	๐	ุฑุญูู ุชุฑููููุฉ
894	ุงููุง	๐ฟ
895	ูุนูู ู ููููุฉ ุฒู ุฏุงูุุ	<Media omitted>
896	ุจุฎุชูู ูุงููู ๐	ุตุฏูู
897	ุชุจุงุงุงุฑู ุงูุงุงูู	<Media omitted>
898	ุงู ุดุงุกุงููู ู ุฑุจ	ุฏู ุงูุตุฏูู ุงููุฑุบูุจู
899	ููููโ	<Media omitted>
900	ููู ู ูุงู	ุบุงููู ุฎูุงุต๐๐
901	ุงุฎุจุงุงุฑู ูุตุญุชู	<Media omitted>
902	ูุงููู ุงูุญูุฏููู	ุงูููุณ ุจุณ  ููุฑู ุฏููุงุฑ ูุญุงุฌู
903	ูุงูุง ุญููู	ูููุชูู ุชุงูู ููู ุชุดุจุน
904	ูุงููู ู ูุงู ุงููู ุฌุฑู ุงูุฌุงูุนุฉ ููุฏุง	<Media omitted>
905	ุงุงุงู ูุงููู	ุนุฑููุง ุฏู ุฑุฆูุณุฉ ุงููุฒุฑุงุก ุงูุช ููู๐๐๐
906	ุจุฏููุง ุฎูุงุงุงุต	<Media omitted>
907	ุงุงุงู	<Media omitted>
908	<Media omitted>	ุงููุฏูู ุฌุงุก ุจุงุตุฏูู ููู ูุญูู
909	๐	<Media omitted>
910	ูููุณ ุงู ุดุงุกุงููู	ููู ุฌุงูุนู ูุง ูุฎุทูุชู ุงุตูุงุงุุ
911	ุงูุง ุงูุช ุงููุฑู ููู ููุงุงูุุ	ุฏู ุงููุงุญุฏ ุจูุดู ููู ุงูุฌูุนู ุจุฌุงูุฏ ุฌูุงุฏ ุนุดุงู ูุง ููุทุน ุงููุถู ูููู ุงูุฌุงูุน ุจุนุฏ ุงููุญุงุถุฑู ุงูุซุงููู
912	ูุงูุง ุงูุญูุฏููู	ูุบู
913	ูุงุงุงู	<Media omitted>
914	ุงูุงุฎุจุงุงุฑ	ุงุจู ููุจ
915	ูุงูุง ุงูุญูุฏููู	<Media omitted>
916	ูุงููู ูุงุดู ุงูุญุงู ูุญูุฏุงููู	ุจุชุชุฌุงุณู
917	ููุฏู	ุฏู ุญุงุฌุงุช ุงุณุงุณูู ูุฌุจูุฑ ุชุชุนูููุง  ูุตุฏู ุจุงูุตุนุจ ูู ุงูููุงุนุฏ ูุด ุงูุชุญุฏุซ ุงูุนุงุฏู
918	<Media omitted>	<Media omitted>
919	<Media omitted>	ุดูู ุฒู ูุซูุง ูู ุงููุณุชูุจู  ูู ูุณุชูุจู ูุฑูุจ ููู ุจุนูุฏ ูููุณ ุงูููุงู ูู ุงููุณุงูุงุช ูููุณ ูู ุงููุงุถู ูุงูุญุงุถุฑ
920	<Media omitted>	<Media omitted>
921	<Media omitted>	<Media omitted>
922	<Media omitted>	?
923	<Media omitted>	<Media omitted>
924	ุงูุง ุงูุช ุงูุถุงุงุนู ููู	ุงูุงุฌูุงุก ๐๐
925	ูุงูุญุงุงุงุตู ุนููู	ุจุงูุฒูู
926	ุงูุง ูุณุน ู ุฎูุตุช ุงูุณูุฉ ุงูุชุญุถูุฑูุฉุุ	??
927	ูุนูู ูุณุน ุฎูุงุงุต ูููุช ุงููุบุฉ ุงูุชุฑููุฉ	ุจุฑูุงูุฌ ูู ูู ุงูุนุงุจ
928	ูุจุชุนุฑู ุชูุชุจุ	ูุจ
929	<Media omitted>	ุฏู ูุงุญุฏ ุจุตุญู ุณุญูุฑ ๐
930	ุงููุง	ุงููุณุชูู ุงูุงูู ูู ุงููุบู
931	ู ูุงู	ุงูุญูุฏููู
932	ููู ู ุนูู	<Media omitted>
933	ููู ูุน ุงูุฏุฑุงุณุฉ	<Media omitted>
934	ูุงููู ูุง ุชูุงู ุงูุญูุฏ ููู	ูุงู ุจูู
935	ูุงูุง ุงูุญูุฏููู	ุฏู ุงูุฌุฒุก ุงูุงูู ูู ูููู ุงูุณ ๐๐โ๐ฝ
936	ูุณุน ูู ุงุฌุงุฒุฉ ุณูุณุชุฑ	<Media omitted>
937	ุงูุชููุช ูู ุงููุนุจ ุฒุงุชูู๐๐โ	ูุงููู
938	ุดุฏูุฏ	You deleted this message
939	ุงูุง ูุงูุชู ุจุฏูุชู	ุงุชุฌูุนูุง ููุง ููู ูู ุฌู ูู ูุฏู ุชุงููู
940	๐	<Media omitted>
941	ุงููุบุฉ ููุง ุงูุณูุณุชุฑุุ ๐๐พโโ๏ธ	ุฏุงูุฑูุง ูุฎุทูุท !
942	ูุง ูู ุงูุชูู ุนุจุฑุชูู ูุงููู ๐ ๐ ๐ โ	ูู ุฑูุถุงู ๐
943	ูุงูุง ุญุธูู ูุงููู ๐	ุฏู ูุฑุญุงูููู ุฒูุงุฏู ุญูููุจู ูููุง ูุชุนูุฏ ุญุจู ุญุจู ุจุนุฏุงู
944	ุงูุง ุฏุฑุงุณุชูู ุฏุณูุณูุ	<Media omitted>
945	ูุงููุด ุงุถุฑุงุจุงุช ูุงููุด ุงุฌุงุฒุงุช ุทูููุฉ๐๐โ	ุฏู ููู
946	ุงุงุงู ุนุดุงุงุงู ุชููููู ุงูุชุฑูู ุจูููู	ูุงุญุฏ ูููู
947	<Media omitted>	ุ
948	๐ ๐ ๐	ูุจ
949	๐ ููุง ููู ๐	<Media omitted>
950	ูุงูุง๐๐๐โ	<Media omitted>
951	ูููู๐ฅ๐ฅ๐ฅโ	<Media omitted>
952	ุงูุช ุงููุฎุชูู ๐ โ	<Media omitted>
953	ุนุฏููู ูุฏุง ๐	ุงููุบู ุธูุท
954	ูุงุฒููู ุงูุชุญุงุงูุงุงุช ููุงุดูู	ูุงูุง ูุง ุฒูู
955	ุงุญุณุงุณ ุจุณ	ูู ูุงุญุฏุงุช ูู ุจุฑุงูุฌ ุงูุณูู ูุงูุจููู ูููุง
956	<Media omitted>	ูุฑูุจ ูููุฌุงู
957	ุงุงุงู ุงุงุงู ๐ ๐ โ	<Media omitted>
958	ููุฑู ู ุฌููู ๐ฅ ๐ค	ูุฃูุช ุทูุจ ูุง ูุฑุฏุง ููู ุงูุงูุงูู ูุญููู ุฃู ุดุงุกุงููู
959	ุงูุฎุจุฑ ุดูู	ุชุจู ู ุชุจู ๐
960	ูุงููู ูููู ุญููู ุงูุญูุฏููู	ูุงุนุฏ
961	ุงู ุดุงุก ุงููู	ุงููุฑู ุดูู
962	ุงูุง ุงูุฌุฏูุฏ ุดูู ูุงูุญุงุตู ุนููู	ุงูุญูุฏ ุงููู
963	ุงููุถุน ุธุงุงุจุทุุ	ุงูุฌุฏูุฏ ููุงู
964	ุนุจุฑุชูู ูุงููู ๐	ูุฒูุชู ุ  ูุจุฏูุชู ุฎูุงุต
965	ุงูุง ูุณุน ูุงุฒู ุงูุชุญุงุงูุงุงุช ุงูุณูุณุชุฑ ุงูุชุงูู	ูู ุงูุฎุฑุทูู ุงูุช ุญุณู ุตุญ
966	ุดุฏูุฏ	<Media omitted>
967	ูุงูุง ุญููู	<Media omitted>
968	<Media omitted>	ุงุฌุชูุฏ ุจุนุฏุง
969	๐ค	<Media omitted>
970	ุณูุงู ุนูููู	ูุนูููู ุงูุณูุงู
971	ุงูุณูุงู ุนูููู	ูุนูููู ุงูุณูุงู
972	Hi	Hello
973	Hello	Hi
974	ูููู	ุชูุงู ุงูุญูุฏ ููู ูุงูุชุ
975	ุงูุญูุฏููู	ูููุฆุงู ููู ุญูุฏ ุงููู
976	ุงูุนููู ููู	ููุฑุงูุฏุงุฆู
977	Do you speak english	Yes I speak English and trying learn to Sudanese Arabic ๐ธ๐ฉ
978	what do you speak	I speak English and trying learn to Sudanese Arabic ๐ธ๐ฉ
979	ุงูุฃุฎุจุงุฑ ูุงูุตุญุฉ	ุชูุงู ุงูุชูุงู ูุงูุช
980	How old are	I dont know
981	What are u doing	Nothing๐๐
982	ุฎุจุฑู	ุชูุงู
983	ุชูุงู	ุฏูุงู
984	whats your nationality	Im bot created by Sudanese developer so im Sudanese ๐ธ๐ฉ
985	ุฌูุณูุชู	Im bot created by Sudanese developer so im Sudanese ๐ธ๐ฉ
986	ููุง	ุฃูููู
987	ุฃูููู	ููุง
988	ุตุญุชู	ูุงููู ุจุฎูุฑ ุงูุญูุฏ ููู
989	ููู ุงุญูุงูู	ุชูุงุงุงุงู ุงูุญูุฏ ููู
990	ุฒุนูุช	๐ถ๐ ูุนููุด
991	Im angry	๐ถ๐ ูุนููุด
992	ุณูุงู	ุณูุงู
993	ููู	ูู ุงูุชุตุงุฏ ูุณู
994	ูุตูุชู	ุงู
995	how are you	Im fine i hope you too
